Season,Episode,Game,Question,Contestant,Contestant Answer,Panelist,Panelist Answer,Matched
73,1,1,bill blank,Stanley Viltz,board,Richard Dawson,bailey,no
73,2,2,sugar blank,Stanley Viltz,cookie,Jo Ann Pflug,ray robinson,no
73,2,3,irish blank,Stanley Viltz,whiskey,Richard Dawson,stew,no
73,3,4,blank derby,Stanley Viltz,kentucky,Michael Landon,kentucky,yes
73,4,6,dog blank,Gary Walls,catcher,Michael Landon,food,no
73,5,7,bridal blank,Gary Walls,trail,Richard Dawson,suite,no
73,5,8,wild blank,Gary Walls,joker,Jack Klugman,horses,no
73,6,9,jack blank,Gary Walls,the ripper,Richard Dawson,sprat,no
73,6,10,out of blank,Gary Walls,money,Arlene Francis,town,no
73,7,11,doctor blank,Mary Vanderdusen,kildare,Richard Thomas,bill,no
73,8,12,french blank,Gita Satyendra,kiss,Bob Barker,dressing,no
73,9,14,tiny blank,Helene Harrington,tim,Richard Thomas,tim,yes
73,10,16,gold blank,Sylvia Martin,finger,Bob Barker,dust,no
73,11,17,broken blank,Beverly Ballard,arrow,Betty White,heart,no
73,11,18,cold blank,Dinah Hewlett,turkey,Charles Nelson Reilly,air,no
73,13,20,uncle blank,Fern Zaylen,tom,Jaye P. Morgan,sam,no
73,13,21,white blank,Michelle Baylen,lightning,Brett Somers,bread,no
73,14,22,teddy blank,Cheryl Christianson,bear,Bert Convy,bear,yes
73,15,23,sour blank,Jeff Nichols,cream,Betty White,grapes,no
73,16,25,scarlet blank,Jeff Nichols,o'hara,Jo Ann Pflug,o'hara,yes
73,17,27,safety blank,Jeff Nichols,first,Jo Ann Pflug,first,yes
73,18,28,captain blank,Jeff Nichols,kangaroo,Jo Ann Pflug,courageous,no
73,19,29,telephone blank,Jeff Nichols,book,Jo Ann Pflug,pole,no
73,20,30,sitting blank,Helen Molnar,pretty,Jo Ann Pflug,bull,no
73,20,31,blank file,Helen Molnar,nail,Dick Gautier,secret,no
73,21,32,marriage blank,Helen Molnar,certificate,Mary Ann Mobley,go-round,no
73,22,33,banana blank,Helen Molnar,split,Richard Dawson,peel,no
73,22,34,rocking blank,Bill Lolly,chair,Bert Convy,chair,yes
73,23,35,jackie blank,Bill Lolly,onassis,Bert Convy,onassis,yes
73,24,36,fire blank,Bill Lolly,hydrant,Bert Convy,chief,no
73,25,39,blank bee,Chris Jones,busy,Kay Ballard,honey,no
73,26,40,blank grapes,Sue Yannick,sour,Betty White,sour,yes
73,27,41,flying blank,Sue Yannick,birds,Bert Convy,saucer,no
73,28,42,national blank,Sue Yannick,velvet,Betty White,election,no
73,29,43,blank lighter,Sue Yannick,cigarette,Bert Convy,cigarette,yes
73,29,44,private blank,Sue Yannick,eye,Bert Convy,entrance,no
73,30,45,richard blank,Bob Rolfe,burton,Carolyn Jones,burton,yes
73,35,48,blue blank,Georgianna Dye,danube,Jack Carter,bird,no
73,35,49,bob blank,Tom Garnella,smith,Lucie Arnaz,cat,no
73,36,50,wall blank,Tom Garnella,paper,Richard Dawson,street,no
73,37,51,blank eggs,Tom Garnella,fried,Brett Somers,raw,no
73,37,52,sewing blank,Linda Olson,machine,Charles Nelson Reilly,machine,yes
73,38,53,airline blank,Linda Olson,stewardess,Charles Nelson Reilly,stewardess,yes
73,39,54,back blank,Linda Olson,ache,Charles Nelson Reilly,ache,yes
73,39,55,blank head,Grady Ham,fat,Brett Somers,red,no
73,40,56,step blank,Grady Ham,father,Ruta Lee,mother,no
73,41,57,blank side,Grady Ham,out,Stu Gilliam,in,no
73,41,58,three blank,Grady Ham,musketeers,Stu Gilliam,roses,no
73,42,59,blank duck,Michelle Alexander,cold,Stephanie Edwards,donald,no
73,43,60,swimming blank,Michelle Alexander,pool,Stu Gilliam,pool,yes
73,44,61,stormy blank,Dawn Blankney,weather,Betty White,weather,yes
73,45,62,red blank,Dawn Blankney,riding hood,Stephanie Edwards,ryder,no
73,45,63,book blank,Dawn Blankney,mark,Betty White,shelf,no
73,46,64,blank out,Lana Spraker,fall,Bobby Van,strike,no
73,48,66,silver blank,Patrick Taylor,mine,Nanette Fabray,wedding,no
73,49,68,blank birthday,Sandy Simmons,happy,Bobby Van,happy,yes
73,50,69,paint blank,Beverly Ventimiglia,brush,Nanette Fabray,store,no
73,51,70,hair blank,Beverly Ventimiglia,piece,Stu Gilliam,tonic,no
73,52,71,blank pit,Beverly Ventimiglia,cherry,Ann Elder,snake,no
73,52,72,movie blank,Beverly Ventimiglia,star,Brett Somers,camera,no
73,53,73,blank father,Beverly Ventimiglia,grand,Richard Dawson,god,no
73,54,74,blank hood,Margie Dale,robin,Ann Elder,robin,yes
73,55,75,spinning blank,Lonnie Stewart,wheel,Stu Gilliam,wheel,yes
73,55,76,blank dog,Diane Whiting,mad,Brett Somers,mad,yes
73,56,77,tea blank,Alan Bernard,house,Richard Dawson,break,no
73,57,78,blank table,Barbara Schlecht,card,Brett Somers,pool,no
73,58,79,orange blank,Barbara Schlecht,juice,Richard Dawson,juice,yes
73,59,80,baked blank,Sue Raglan,potato,Jack Klugman,potato,yes
73,59,81,washington blank,Sue Raglan,d.c.,Jack Klugman,d.c.,yes
73,60,82,blank up,Sue Raglan,wake,Jack Klugman,shut,no
73,61,83,blank plate,John Stern,hot,Richard Dawson,hot,yes
73,62,84,blank book,John Stern,check,Nipsey Russell,phone,no
73,63,85,blank cracker,Kathy Carelias,soda,Loretta Swit,soda,yes
73,63,86,empty blank,Rosemarie Salas,pockets,Nipsey Russell,cans,no
73,65,88,blank driver,Diane Babbin,taxi,Nipsey Russell,reckless,no
73,66,89,soft blank,Diane Babbin,spot,Richard Dawson,and dry,no
73,66,90,sea blank,Kathy Stone,wolf,Richard Dawson,weed,no
73,67,91,lucky blank,Robert Spencer Jr.,number,Mary Ann Mobley,day,no
73,68,92,on your blank,Loretta Savory,life,Bert Convy,mark,no
73,69,93,good for blank,Joyce Nunley,nothing,Bert Convy,you,no
73,70,94,blank strip,Johanna Sartori,sunset,Mary Ann Mobley,flat,no
73,70,95,fairy blank,Rita Rossler,princess,Mary Ann Mobley,tale,no
73,71,96,blank well,Tom Schultz,feel,Betty White,get,no
73,72,97,yankee blank,Tom Schultz,doodle,Betty White,doodle,yes
73,73,98,color blank,Sunny Coleman,book,Richard Dawson,blind,no
73,74,99,blank heart,Sunny Coleman,valentine,Richard Dawson,heavy,no
73,74,100,bathing blank,Sunny Coleman,beauty,Brett Somers,beauty,yes
73,75,101,instant blank,Nancy Cox,coffee,Jo Ann Pflug,potatoes,no
73,76,102,blank hand,Richard Volzing,left,Fannie Flagg,right,no
73,77,103,cross your blank,Colleen Kranz,heart,Richard Dawson,heart,yes
73,77,104,blank square,Jane Brooks,times,Bert Convy,pershing,no
73,78,105,blank mint,Jane Brooks,after-dinner,Bert Convy,pepper,no
73,79,106,stock blank,Jane Brooks,market,Jack Carter,market,yes
73,80,107,blank cookie,Susie Grabielle,chocolate,Bert Convy,fortune,no
73,80,108,ice blank,Susie Grabielle,cream,Richard Dawson,cream,yes
73,81,109,chain blank,Emmy Rick,gang,Richard Dawson,gang,yes
73,82,110,half blank,Josephine Williams,gallon,Betty White,baked,no
73,83,111,blank suit,Myron Nisley,blue,Richard Dawson,law,no
73,84,113,blank house,Myron Nisley,bath,Brett Somers,white,no
73,85,114,blank tire,Susan Rayfield,flat,Richard Dawson,spare,no
73,86,115,blank cup,Susan Rayfield,tea,Brett Somers,loving,no
73,87,116,covered blank,Susan Rayfield,wagon,Mary Ann Mobley,up,no
73,87,117,blank pool,Eleanor Crowley,swimming,Brett Somers,swimming,yes
73,88,118,apple blank,Bill Goldstein,pie,Richard Dawson,pie,yes
73,90,119,baby blank,Antoinette Osbourne,sitter,Bill Cullen,blue,no
73,90,120,bumper blank,Antoinette Osbourne,guard,Jack Klugman,sticker,no
73,91,121,pin blank,Antoinette Osbourne,needle,Richard Dawson,head,no
73,92,122,quick as a blank,Charlie Boldue,wink,Betty White,wink,yes
73,93,123,gas blank,Charlie Boldue,station,Betty White,pipe,no
73,93,124,blank bonnet,Charlene Jamison,sun,Richard Dawson,blue,no
73,94,125,ex blank,Charlene Jamison,wife,McLean Stevenson,it,no
73,95,126,whipped blank,Ellen Hoey,cream,Betty White,cream,yes
73,96,127,milk blank,Ellen Hoey,shake,Ann Elder,shake,yes
73,96,128,good blank,Ellen Hoey,time,Robert Q. Lewis,night,no
73,97,129,blank drop,Jerry Mayo,lemon,Morey Amsterdam,money,no
73,99,132,jet blank,Barbara Maveno,plane,Brett Somers,plane,yes
73,100,133,steam blank,Beverly Reinhardt,boat,Joyce Bulifant,bath,no
73,101,134,hail blank,Beverly Reinhardt,mary,Brett Somers,america,no
73,101,135,running blank,Shirley Kline,water,Brett Somers,mate,no
73,102,136,inch blank,Shirley Kline,worm,Bill Daily,worm,yes
73,102,137,blank glass,Brian Bradford,broken,Brett Somers,hour,no
73,103,138,pocket blank,Brian Bradford,book,Richard Dawson,money,no
73,104,139,pot blank,Brian Bradford,luck,Fannie Flagg,luck,yes
73,105,140,ten blank,Claudia Ace,little indians,Bill Daily,little indians,yes
73,105,141,blank oil,Olivia Lenkey,baby,Richard Dawson,bath,no
73,106,142,blank bone,Olivia Lenkey,funny,Nipsey Russell,neck,no
73,107,143,blank maid,Olivia Lenkey,spring,Betty White,house,no
73,108,144,last blank,Brooke Walker,chance,Betty White,chance,yes
73,109,146,blank deck,Sharon Moses,marked,Richard Dawson,poop,no
73,110,147,cat blank,Sharon Moses,gut,Nipsey Russell,nap,no
73,111,148,animal blank,Sharon Moses,crackers,Charles Nelson Reilly,crackers,yes
73,111,149,car blank,Sharon Moses,wash,Charles Nelson Reilly,wash,yes
73,112,150,blank band,Alan Stoneman,big,Charles Nelson Reilly,rubber,no
73,113,151,on the blank,Alan Stoneman,dot,Jack Cassidy,level,no
73,114,152,rice blank,Alan Stoneman,paddy,June Lockhart,paddy,yes
73,115,153,first blank,Peggy Caseburg,aid,Jack Cassidy,base,no
73,116,154,christmas blank,Judy Ross,tree,Charles Nelson Reilly,tree,yes
73,116,155,take blank,Judy Ross,off,Charles Nelson Reilly,five,no
73,117,156,road blank,Judy Ross,map,Charles Nelson Reilly,side,no
73,118,157,turn blank,Sherry Patterson,blue,Richard Dawson,signal,no
73,119,159,spray blank,Harry Reynolds,deodorant,Charles Nelson Reilly,gun,no
74,120,160,blank post,Harry Reynolds,emily,Bert Convy,goal,no
74,121,161,blank barrel,Dorothy Zinni,wooden,Richard Dawson,beer,no
74,122,162,have a blank,Dorothy Zinni,ball,Charles Nelson Reilly,heart,no
74,122,163,treasure blank,Candy Carter,hunt,Madlyn Rhue,hunt,yes
74,124,165,double blank,Arlene Besolt,trouble,Charles Nelson Reilly,or nothing,no
74,125,166,blank mill,Arlene Besolt,paper,Larry Hovis,old,no
74,125,167,blank head,Arlene Besolt,bald,Madlyn Rhue,indian,no
74,126,168,rob blank,Sandy Zipzer,roy,Fannie Flagg,reiner,no
74,127,169,honor blank,Marlena Crews,thy father,Fannie Flagg,bound,no
74,128,170,quarter blank,Marlena Crews,back,Richard Dawson,horse,no
74,128,171,united blank,Marlena Crews,states,Morey Amsterdam,states,yes
74,129,172,battle blank,Brenda Lee Meriwether,ship,Richard Dawson,plan,no
74,130,173,musical blank,Brenda Lee Meriwether,chairs,Richard Dawson,chairs,yes
74,132,176,english blank,Les Videl,leather,Richard Dawson,leather,yes
74,133,177,evil blank,Les Videl,knievel,Richard Dawson,knievel,yes
74,133,178,blank iron,Les Videl,and,Richard Dawson,steam,no
74,134,179,penny blank,Les Videl,ante,Betty White,ante,yes
74,135,180,blank way,Ellen Williams,free,Richard Dawson,one,no
74,135,181,blank boy,Ellen Williams,bell,Richard Dawson,nature,no
74,136,182,blank down,Denise Reeves,fall,Richard Dawson,fall,yes
74,138,184,over blank,Denise Reeves,there,Richard Dawson,coat,no
74,139,185,key blank,Vicky Baldwin,hole,Richard Dawson,chain,no
74,140,187,true blank,Jim Dunn,grit,Richard Dawson,love,no
74,141,188,blank wheel,Phyllis McDaniel,wagon,Richard Dawson,spinning,no
74,142,189,blank box,Naigy Johnson,cracker,Richard Dawson,lunch,no
74,142,190,cheap blank,Sheryl Gibbons,skate,Charles Nelson Reilly,skate,yes
74,143,191,navy blank,Julie Roach,blue,Richard Dawson,blue,yes
74,144,192,jelly blank,Virginia Shook,roll,Meredith MacRae,fish,no
74,145,193,bob blank,Virginia Shook,hope,Richard Dawson,hope,yes
74,146,194,green blank,Virginia Shook,thumb,Richard Dawson,goddess,no
74,146,195,little blank,Jill Ann Fager,red riding hood,Richard Dawson,orphan annie,no
74,147,196,paper blank,Jill Ann Fager,doll,Jo Ann Pflug,moon,no
74,148,197,panama blank,Paul Fisher,canal,Jo Ann Pflug,canal,yes
74,148,198,blank knife,Paul Fisher,butcher,Jo Ann Pflug,butcher,yes
74,149,199,sun blank,Paul Fisher,tan,Jo Ann Pflug,set,no
74,150,200,blank water,Paul Fisher,salt,Richard Dawson,hot,no
74,151,201,blank play,Paul Fisher,legitimate,Richard Dawson,triple,no
74,152,202,blank mine,Paul Fisher,gold,Larry Blyden,coal,no
74,153,203,born blank,Ronnie Schwartz,free,Richard Dawson,free,yes
74,154,204,blank night,Ronnie Schwartz,silent,Richard Dawson,silent,yes
74,157,206,fan blank,Gladys Perry,tail,Charles Nelson Reilly,club,no
74,157,207,blank mix,Sue DiBennedetto,cake,Richard Dawson,cake,yes
74,158,208,glass blank,Valerie Wood,menagerie,Richard Dawson,jug,no
74,159,209,blank pen,Valerie Wood,ballpoint,Richard Dawson,fountain,no
74,160,210,blank smoke,Linda Rosenberg,cigarette,Richard Dawson,holy,no
74,161,212,oil blank,Donald Boyt,well,Richard Dawson,well,yes
74,162,213,play the blank,Donald Boyt,game,Orson Bean,game,yes
74,163,214,spring blank,Donald Boyt,fever,Orson Bean,fever,yes
74,164,215,pale blank,Margaret Moore,face,Orson Bean,face,yes
74,165,216,blank world,Chris Lyons,new,Richard Dawson,small,no
74,166,217,draft blank,Chris Lyons,beer,Richard Dawson,board,no
74,167,218,blank education,Pam Reinhardt,sex,Bert Convy,college,no
74,168,219,main blank,Kathleen Ellis,street,Richard Dawson,street,yes
74,168,220,old blank,Kathleen Ellis,man in the shoe,Richard Dawson,lang syne,no
74,170,221,soap blank,Kathleen Ellis,opera,Bert Convy,opera,yes
74,171,223,blank hammer,Kathy Coons,nails and,Richard Dawson,sledge,no
74,172,224,catch blank,Susan Alch,22,Richard Dawson,cold,no
74,173,225,beer blank,Susan Alch,barrel polka,Richard Dawson,barrel,no
74,174,226,blank pepper,Michael Schmidt,black,Nipsey Russell,hot,no
74,174,227,gypsy blank,Michael Schmidt,rose lee,Fannie Flagg,band,no
74,175,228,midnight blank,Cindy Delamico,cowboy,Richard Dawson,snack,no
74,176,229,blank man,Lou Mason,bat,Richard Dawson,garbage,no
74,179,232,blank punch,Gail Mason,hawaiian,Betty White,hawaiian,yes
74,180,234,bed of blank,Marjorie Grant,rock,Richard Dawson,roses,no
74,181,235,blank brother,Marjorie Grant,my,Allen Ludden,blood,no
74,182,236,miniature blank,Marjorie Grant,golf,Richard Dawson,poodle,no
74,183,237,happy blank,Robin Barrett,birthday,Richard Dawson,birthday,yes
74,184,238,frank blank,Michael Herbs,lin roosevelt,Richard Dawson,sinatra,no
74,184,239,shooting blank,Mary Duncan,gallery,Richard Dawson,star,no
74,185,240,buffalo blank,Mary Duncan,bill,Allen Ludden,bill,yes
74,186,241,blank saw,Kathy Wardlaw,see,Brett Somers,buzz,no
74,187,242,crack blank,Kathy Wardlaw,up,Jo Anne Worley,up,yes
74,188,243,pony blank,Martha Denning,express,Richard Dawson,tail,no
74,188,244,roll out the blank,Martha Denning,barrel,Richard Dawson,barrel,yes
74,189,245,blank union,Kim Krapowski,carpenters,Brett Somers,credit,no
74,190,246,pine blank,Jack Houghton,tree,Richard Dawson,needles,no
74,191,247,blank pocket,Jack Houghton,pick,Brett Somers,patch,no
74,192,248,silk blank,Jack Houghton,sheet,Brett Somers,stockings,no
74,193,249,siamese blank,Jack Houghton,twins,Richard Dawson,twins,yes
74,193,250,comic blank,Sharon Lewis,strip,Richard Dawson,strip,yes
74,195,251,blank weight,Sharon Lewis,heavy,Kaye Stevens,excess,no
74,195,252,swiss blank,Jack Doyle,bank,Richard Dawson,family robinson,no
74,196,253,clam blank,Donna Linell,bake,Richard Dawson,bake,yes
74,197,254,blank pigeon,Donna Linell,homing,Richard Dawson,stool,no
74,198,255,whooping blank,Donna Linell,cough,Jo Ann Pflug,cough,yes
74,199,256,blank stop,Donna Linell,pit,Jo Ann Pflug,bus,no
74,199,257,chow blank,Donna Linell,mein,Jo Ann Pflug,mein,yes
74,200,258,blank chop,Mary Strauss,pork,Jo Ann Pflug,pork,yes
74,202,260,marriage blank,Debbie Marialdo,contract,Bobby Van,license,no
74,202,261,roller blank,Debbie Marialdo,skate,Richard Dawson,derby,no
74,203,262,london blank,Peggy Barfield,bridge,Richard Dawson,bridge,yes
74,204,263,blank yard,Peggy Barfield,back,Brett Somers,back,yes
74,204,264,blank bowl,Peggy Barfield,hollywood,Richard Dawson,punch,no
74,205,265,blank clock,Peggy Barfield,alarm,Richard Dawson,grandfather,no
74,206,266,tap blank,Shirley Kilgore,water,Richard Dawson,dance,no
74,207,267,blank gun,Shirley Kilgore,peter,Brett Somers,shot,no
74,207,268,seventh blank,Shirley Kilgore,heaven,Trish Stewart,heaven,yes
74,209,269,golden blank,Shirley Kilgore,fleece,Charles Nelson Reilly,rule,no
74,209,270,blank chain,Shirley Kilgore,watch,Jack Carter,daisy,no
74,210,271,simple blank,C. B. Farnsworth,simon,Richard Dawson,simon,yes
74,211,272,never blank,C. B. Farnsworth,on sunday,Richard Dawson,on sunday,yes
74,212,273,band blank,C. B. Farnsworth,wagon,Richard Dawson,wagon,yes
74,213,274,wash blank,Sue Hagie,day,Richard Dawson,room,no
74,214,275,art blank,Sue Hagie,gallery,Richard Dawson,class,no
74,215,276,blank bug,Leigh Moore,litter,Richard Dawson,lightning,no
74,215,277,blank jones,Leigh Moore,tom,Richard Dawson,buck,no
74,217,278,blank deal,Karen O'Day,let's make a,Richard Dawson,let's make a,yes
74,218,279,blank turkey,Karen O'Day,cold,Richard Dawson,cold,yes
74,218,280,blank cover,Karen O'Day,under,Richard Dawson,under,yes
74,219,281,blank fight,Karen O'Day,pillow,Richard Dawson,dog,no
74,220,282,dead blank,Karen O'Day,body,Fannie Flagg,weight,no
74,221,283,gum blank,Karen O'Day,ball,Richard Dawson,drop,no
74,222,284,blank ward,Wayne Roundtree,maternity,Richard Dawson,hospital,no
74,222,285,blank coast,Wayne Roundtree,pacific,Jo Anne Worley,west,no
74,223,286,blank alarm,Wayne Roundtree,false,Richard Dawson,fire,no
74,224,287,blank rider,Wayne Roundtree,easy,Jo Anne Worley,easy,yes
74,225,288,blank canal,Wayne Roundtree,erie,Richard Dawson,panama,no
74,226,289,gravy blank,Ginny Barry,stain,Richard Dawson,train,no
74,227,290,blank noon,Ginny Barry,high,Brett Somers,high,yes
74,228,291,cracker blank,Gloria Greene,jacks,Richard Dawson,barrel,no
74,229,292,hurry blank,John Cashmaric,up,Charles Nelson Reilly,up,yes
74,229,293,father blank,John Cashmaric,time,Kaye Stevens,image,no
74,230,294,blank station,Teresa Nigrette,gas,Richard Dawson,bus,no
74,232,296,blank brush,Lee Conan,hair,Richard Dawson,hair,yes
74,233,297,dick blank,Lee Conan,tracy,Richard Dawson,tracy,yes
74,234,298,brown blank,Annette Hall,derby,Richard Dawson,derby,yes
74,236,300,mighty blank,Ken Scopp,mouse,Charles Nelson Reilly,mouse,yes
74,237,301,blank hill,Susie Hoppenthal,bunker,Richard Dawson,bunker,yes
74,238,302,blank watch,Judy Petty,night,Richard Dawson,stop,no
74,241,305,arm blank,Beth Horning,pit,Richard Dawson,wrestle,no
74,241,306,blank room,Timothy O'Keefe,bed,Charles Nelson Reilly,bath,no
74,242,307,blank vault,Sandy Corey,bank,Richard Dawson,bank,yes
74,243,308,bicycle blank,Sandy Corey,built for two,Don Adams,built for two,yes
74,244,309,blank berry,Sandy Corey,blue,Richard Dawson,straw,no
74,245,310,blank treat,Kendra Plummer,trick or,Richard Dawson,trick or,yes
74,246,311,blank rabbit,Jack Holder,jack,Betty White,jack,yes
74,247,312,blank rogers,Rose Carter,roy,Richard Dawson,ginger,no
74,248,313,blank top,Ellen Loretta,pop,Richard Dawson,flat,no
74,249,314,standard blank,Ellen Loretta,oil,Betty White,oil,yes
74,249,315,pajama blank,Ellen Loretta,bottoms,Betty White,tops,no
74,251,316,show blank,Carlotta Nelson,business,Richard Dawson,and tell,no
74,252,317,toll blank,Carlotta Nelson,bridge,Charles Nelson Reilly,booth,no
74,252,318,stark blank,Carlotta Nelson,naked,Charles Nelson Reilly,naked,yes
74,254,320,wise blank,Susan Warren,owl,Richard Dawson,guy,no
74,255,321,danish blank,Barbara Jenkins,pastry,Richard Dawson,pastry,yes
74,256,322,blank corn,Paul Rodkin,pop,Charles Nelson Reilly,new,no
74,257,323,mission blank,Lui Ping Canol,impossible,Richard Dawson,impossible,yes
74,258,324,hand blank,Evelyn Gibson,shake,Richard Dawson,cream,no
74,259,325,blank feed,Carol Ware,chicken,Richard Dawson,chicken,yes
74,259,326,blank alive,Carol Ware,buried,Charles Nelson Reilly,buried,yes
74,260,327,blank champion,Carol Ware,grand,Joanie Sommers,the world,no
74,261,328,town blank,Carol Ware,house,Richard Dawson,crier,no
74,262,329,blank express,Carol Ware,midnight,Charles Nelson Reilly,american,no
74,263,331,cover blank,Dorothy Dorn,up,Richard Dawson,up,yes
74,265,332,blank dinner,Dorothy Dorn,turkey,Charles Nelson Reilly,tv,no
74,265,333,lamb blank,Marcia Salsito,chops,Charles Nelson Reilly,chop,yes
74,266,334,blank range,Brad Alexander,electric,Richard Dawson,firing,no
74,267,335,blank runner,Brad Alexander,long distance,Richard Dawson,road,no
74,268,336,blank code,Dee Davenport,morse,Richard Dawson,morse,yes
74,268,337,blank rack,Dee Davenport,bed,Richard Dawson,hat,no
74,269,338,blank affair,Dee Davenport,love,Jo Anne Worley,love,yes
74,270,339,blank ship,Dee Davenport,big,Richard Dawson,flag,no
74,271,340,jimmy blank,Terry Montgomery,stewart,Richard Dawson,cagney,no
74,272,341,blank sand,Jan Shaw,play in the,Betty White,quick,no
74,273,342,tinker blank,Jan Shaw,bell,Betty White,bell,yes
74,274,343,shrimp blank,Chuck Dorin,boat,Richard Dawson,cocktail,no
74,275,344,dutch blank,Janet Finn,treat,Betty White,treat,yes
74,275,345,pipe blank,Janet Finn,line,Betty White,dream,no
74,276,346,blank bay,Janet Finn,moonlight,Charles Nelson Reilly,san francisco,no
74,277,347,bunny blank,Janet Finn,hop,Richard Dawson,rabbit,no
74,278,348,rocket blank,Janet Finn,ship,Charles Nelson Reilly,ship,yes
74,279,349,blank ranger,Janet Finn,the lone,Richard Dawson,lone,yes
74,280,350,russian blank,Janet Finn,roulette,Charles Nelson Reilly,roulette,yes
74,281,351,remember blank,Sylvana Caballero,when,Richard Dawson,the alamo,no
74,283,353,rear blank,Sylvana Caballero,end,Richard Dawson,window,no
74,284,354,peter blank,Darcy Bell,rabbit,Richard Dawson,rabbit,yes
74,285,355,blank doll,Darcy Bell,rag,Richard Dawson,baby,no
74,287,356,bald blank,Darcy Bell,head,Fannie Flagg,eagle,no
74,288,357,coat of blank,Rosemary Reed,arms,Charles Nelson Reilly,arms,yes
74,289,358,blank ray,Bob Herman,sun,Charles Nelson Reilly,x,no
74,290,359,tape blank,Maureen Ballas,recorder,Richard Dawson,measure,no
74,290,360,venus blank,Maureen Ballas,de milo,Fannie Flagg,de milo,yes
74,291,361,blank hunter,Chuck White,deer,Kaye Stevens,deer,yes
74,292,362,andy blank,Kathy Graff,hardy,Jo Ann Pflug,hardy,yes
74,293,363,side blank,Kathy Graff,winder,Jo Ann Pflug,kick,no
74,293,364,blank club,Kathy Graff,canadian,Jo Ann Pflug,country,no
74,294,365,blank out,Kathy Graff,black,Richard Dawson,strike,no
74,295,366,blank wax,Dick Harper,car,Brett Somers,floor,no
74,296,367,center blank,Dick Harper,page,Richard Dawson,forward,no
74,297,368,back to blank,Dick Harper,school,Richard Dawson,school,yes
74,298,370,watch blank,Carol Meloy,pocket,Richard Dawson,band,no
74,299,371,candy blank,Rebecca Sightland,cane,Brett Somers,man,no
74,300,373,blank shooter,Phil Parell,pea,Charles Nelson Reilly,sharp,no
74,301,374,best blank,Phil Parell,man,Richard Dawson,man,yes
74,302,375,house blank,Phil Parell,broken,Charles Nelson Reilly,beautiful,no
74,303,376,blank ring,Phil Parell,wedding,Richard Dawson,wedding,yes
74,304,377,blank west,Phil Parell,head,Fannie Flagg,go,no
74,305,378,ancient blank,Darlene Pancheck,antique,Robert Morse,history,no
74,306,380,shady blank,Joanne Vedder,tree,Richard Dawson,lady,no
74,307,381,blank market,Kerry Newlin,super,Richard Dawson,super,yes
74,308,382,round blank,Kerry Newlin,house,Richard Dawson,table,no
74,309,383,pair of blank,Kerry Newlin,shoes,Richard Dawson,shoes,yes
74,310,384,blank sauce,Kerry Newlin,apple,Richard Dawson,tomato,no
74,314,386,window blank,Linda Epstein,pane,Brett Somers,pane,yes
74,315,387,september blank,Linda Epstein,bride,Gary Burghoff,bride,yes
74,315,388,day blank,Linda Epstein,school,Richard Dawson,light,no
74,316,389,music blank,Linda Epstein,lover,Richard Dawson,box,no
74,317,390,safe blank,Sherry Hartman,ty,Richard Deacon,journey,no
74,318,391,thunder blank,Toni Singman,bolt,Brett Somers,bird,no
74,318,392,blank pot,Janice Larry,bean,Nipsey Russell,coffee,no
74,319,393,blank party,Janice Larry,house,Richard Dawson,birthday,no
74,320,394,sentimental blank,Sarah Lopez,feelings,Richard Dawson,journey,no
74,321,395,blank marx,Sarah Lopez,groucho,Richard Dawson,groucho,yes
74,322,396,beach blank,Sarah Lopez,bum,Charles Nelson Reilly,boy,no
74,323,397,blank sisters,Sarah Lopez,lennon,Richard Dawson,twin,no
74,323,398,blank bell,Sarah Lopez,cow,Jimmie Walker,liberty,no
74,326,400,get blank,John Riesling,lost,Charles Nelson Reilly,lost,yes
74,327,401,blank canyon,Barbara Barnholtz,grand,Richard Dawson,benedict,no
74,329,403,handy blank,Edith Noble,man,Richard Dawson,wipe,no
74,330,404,little red blank,Edith Noble,riding hood,Charles Nelson Reilly,riding hood,yes
74,331,405,missing blank,Alicia Howard,link,Fannie Flagg,link,yes
74,332,406,billy blank,Alicia Howard,the kid,Fannie Flagg,the kid,yes
74,332,407,cut your blank,Alicia Howard,throat,Fannie Flagg,throat,yes
74,333,408,bean blank,Lola Culver,bag,Richard Dawson,stalk,no
74,334,409,blank instrument,Lola Culver,blunt,Richard Dawson,musical,no
74,336,411,juicy blank,Gerri Chiovetta,fruit,Charlie Brill,fruit,yes
74,337,412,good blank,Major Goulsby,times,Richard Dawson,day,no
74,338,413,blank junction,Major Goulsby,petticoat,Charlie Brill,petticoat,yes
74,339,414,basic blank,Major Goulsby,mathematics,Charlie Brill,black,no
74,340,415,taxi blank,Susan Gaye,cab,Brett Somers,cab,yes
74,341,416,mark of blank,Susan Gaye,zorro,Richard Dawson,zorro,yes
74,342,417,chest blank,Susan Gaye,x-ray,Allen Ludden,nut,no
74,343,418,lucky blank,Adrienne Hahn,strike,Richard Dawson,charm,no
74,344,419,blank lee,Adrienne Hahn,robert e.,Richard Dawson,robert e.,yes
74,345,420,blank loser,Pat Pollard,bad,Richard Dawson,born,no
74,346,421,dust blank,Pat Pollard,cloth,Amanda Blake,storm,no
74,347,422,astro blank,Maureen Thompson,dome,Richard Dawson,dome,yes
74,348,423,blank paradise,Lisa Puglisi,fantastic,Richard Dawson,bird of,no
74,349,424,blank shake,Pete Conjois,milk,Richard Dawson,milk,yes
74,351,426,blank price,Juanita Davis,right,Richard Dawson,half,no
74,352,427,blank york,Marthermarie Pate,new,Richard Dawson,new,yes
74,353,428,blank wednesday,Marthermarie Pate,ash,Richard Dawson,any,no
74,354,429,minnie blank,Bob Markland,pearl,Richard Dawson,mouse,no
74,355,430,blank annie,Bob Markland,little orphan,Betty White,orphan,yes
74,357,432,blank martin,Karen Robbins,dean,Richard Dawson,dean,yes
74,358,433,queen blank,Fred Mills,elizabeth,Richard Dawson,bee,no
74,358,434,blank velvet,Fred Mills,national,Richard Dawson,national,yes
74,359,435,i love a blank,Fred Mills,parade,Fannie Flagg,parade,yes
74,360,436,blank link,Fred Mills,chain,Richard Dawson,missing,no
74,361,437,blank jones,Carol Holmes,tom,Richard Dawson,tomato,yes
74,363,439,blank jam,Gloria Mason,strawberry,Richard Dawson,traffic,no
74,364,441,blank nature,Larry Presley,mother,Richard Dawson,mother,yes
74,366,443,who's blank,Andrea Goldstein,who,Richard Dawson,who,yes
74,367,444,december blank,Andrea Goldstein,bride,Richard Dawson,bride,yes
74,368,445,blank carol,Thomas Winters,christmas,Richard Dawson,christmas,yes
75,369,446,blank dandy,Carol Copland,yankee doodle,Richard Dawson,yankee doodle,yes
75,370,447,blank fever,Shirley Gaynor,spring,Richard Dawson,scarlet,no
75,371,448,doc blank,Shirley Gaynor,severinsen,Brett Somers,holliday,no
75,372,449,david and blank,Betty Kobata,goliath,Richard Dawson,goliath,yes
75,373,450,hudson blank,Carolita Fraley,river,Richard Dawson,brothers,no
75,374,451,blank finn,John Murdoch,mickey,Richard Dawson,huckleberry,no
75,375,452,blank morning,Sheila Stevens,sunday,Patty Duke Astin,good,no
75,375,453,winston blank,Melvinie Johnson,churchill,Brett Somers,churchill,yes
75,376,454,even blank,Dennis Pappas,money,Richard Dawson,money,yes
75,377,455,blank dip,Dennis Pappas,big,Richard Dawson,skinny,no
75,378,456,on top of blank,Marcia Kaufman,old smoky,Joyce Bulifant,old smoky,yes
75,379,457,panty blank,Marcia Kaufman,hose,Joyce Bulifant,hose,yes
75,380,458,bunch of blank,Marcia Kaufman,grapes,Joyce Bulifant,grapes,yes
75,381,459,cross blank,Terri Ferreri,bearer,Betty White,my heart,no
75,382,460,boy blank,Terri Ferreri,scout,Richard Dawson,friend,no
75,382,461,pay blank,Terri Ferreri,check,Betty White,cash,no
75,383,462,blank frost,Terri Ferreri,jack,Richard Dawson,jack,yes
75,384,463,oliver blank,Dolly Pressler,twist,Richard Dawson,twist,yes
75,385,464,blank cane,Dolly Pressler,sugar,Richard Dawson,sugar,yes
75,386,465,bar blank,Bob Schaffer,bells,Richard Dawson,keeper,no
75,387,466,blank burn,Bob Schaffer,cigarette,Richard Dawson,side,no
75,387,467,child blank,Toni Clinnard,bride,Richard Dawson,hood,no
75,388,468,blank capsule,Enid Lays,space,Richard Dawson,time,no
75,389,469,padded blank,Enid Lays,cell,Gary Burghoff,bra,no
75,390,470,puff blank,Jim Lawrence,the magic dragon,Richard Dawson,pastry,no
75,390,471,12 o'clock blank,Jim Lawrence,noon,Carol Lawrence,high,no
75,392,473,condensed blank,Janet Ryan,version,Patti Deutsch,milk,no
75,393,474,autumn blank,Janet Ryan,leaves,Richard Dawson,leaves,yes
75,394,475,blank peck,Sally Brooks,gregory,Richard Dawson,gregory,yes
75,395,476,loud blank,Sally Brooks,mouth,Richard Dawson,mouth,yes
75,396,477,bridge blank,Mary King,port,Richard Dawson,port,yes
75,397,478,blank baby,Mary King,doll,Richard Dawson,brand new,no
75,398,479,cool blank,Perry Jones,man,Clifton Davis,cat,no
75,398,480,bath blank,Judy Jennings,tub,Richard Dawson,room,no
75,399,481,powder blank,Judy Jennings,puff,Clifton Davis,room,no
75,400,482,blank newman,Judy Jennings,paul,Fannie Flagg,paul,yes
75,401,483,blank case,Pat Shrout,suit,Richard Dawson,brief,no
75,402,484,cheek blank,Pat Shrout,to cheek,Betty White,to cheek,yes
75,403,485,blank boots,Pat Shrout,puss in,Betty White,cowboy,no
75,404,486,blank happy,Terry Cluck,i'm,Richard Dawson,be,no
75,405,487,blank guide,Philip Harper,indian,Betty White,tv,no
75,405,488,blank and blue,Philip Harper,black,Betty White,black,yes
75,406,489,blank east,Sherry Davis,eden,Richard Dawson,far,no
75,407,490,blank jude,Shirley Yearey,hey,Gary Burghoff,hey,yes
75,408,491,human blank,Shirley Yearey,being,Richard Dawson,being,yes
75,409,492,blank choice,Nana Sandler,first,Richard Dawson,dealer's,no
75,410,493,dragon blank,Don Silliphant,fly,Richard Dawson,fly,yes
75,412,495,lightning blank,Don Silliphant,bolt,Gary Burghoff,bolt,yes
75,412,496,big blank,Don Silliphant,ben,Gary Burghoff,ben,yes
75,414,497,eye blank,Alita Lee,doctor,Richard Dawson,lash,no
75,415,498,face the blank,Alita Lee,nation,Richard Dawson,music,no
75,417,500,dixie blank,Sue Hooker,land,Richard Dawson,cup,no
75,418,501,eight blank,Terri Sonleitner,o'clock,Richard Dawson,ball,no
75,419,502,blank dreamer,Suzanne Gormley,day,Richard Dawson,day,yes
75,420,503,blank nuts,Suzanne Gormley,pea,Richard Dawson,pea,yes
75,421,504,motor blank,Mya Lake,cycle,Richard Dawson,car,no
75,421,505,log blank,Louise Miller,cabin,Richard Dawson,cabin,yes
75,423,507,blank keeper,Louise Miller,house,Richard Dawson,bee,no
75,424,508,mule blank,Louise Miller,team,Richard Dawson,train,no
75,425,509,ivan blank,Louise Miller,hoe,Richard Dawson,hoe,yes
75,426,510,blank net,Louise Miller,drag,Richard Dawson,fishing,no
75,428,512,blank in time,Louise Miller,just,Richard Dawson,just,yes
75,429,513,blank joke,Patti Ditty,dirty,Richard Dawson,practical,no
75,430,514,to be blank,Duff King,or not to be,Richard Dawson,or not to be,yes
75,431,515,quick blank,Paula Olson,draw,Richard Dawson,sand,no
75,432,516,barbie blank,Paula Olson,doll,Richard Dawson,doll,yes
75,433,517,help blank,Paula Olson,wanted,Richard Dawson,wanted,yes
75,433,518,blank paint,John Worley,finger,Richard Dawson,wet,no
75,434,519,sam blank,Connie Simpson,snead,Fannie Flagg,ervin,no
75,435,520,persian blank,Evie Phineas,cat,Richard Dawson,rug,no
75,437,521,all the blank,Susan Copperthwaite,king's men,Richard Dawson,way,no
75,438,522,esther blank,Susan Copperthwaite,williams,Richard Dawson,williams,yes
75,439,523,elementary blank,Susan Copperthwaite,my dear watson,Richard Dawson,my dear watson,yes
75,440,524,india blank,Susan Copperthwaite,blue,Richard Dawson,ink,no
75,441,525,jump blank,Susan Copperthwaite,for joy,Richard Dawson,rope,no
75,442,526,garden of blank,Joy Anderson,eden,Richard Dawson,eden,yes
75,443,527,blank ocean,Peter Tripp,pacific,Brett Somers,pacific,yes
75,444,528,number blank,Peter Tripp,one,Richard Dawson,one,yes
75,446,529,blank lib,Kathy Heberle,women's,Richard Dawson,women's,yes
75,447,530,poker blank,Janice Robertson,player,Richard Dawson,chip,no
75,447,531,simon and blank,Robin Denson,garfunkel,Brett Somers,garfunkel,yes
75,448,532,play it blank,Robin Denson,again sam,Brett Somers,again sam,yes
75,449,533,blank sharp,Robin Denson,super,Brett Somers,razor,no
75,450,534,slice of blank,Donna Kersey,cake,Joyce Bulifant,life,no
75,451,535,blank tray,Susie Tessoni,silver,Richard Dawson,ash,no
75,452,536,blank crossing,Sheila Wood,pedestrian,Richard Dawson,railway,no
75,453,537,grape blank,John Sclimenti,vine,Brett Somers,nuts,no
75,454,538,stranger in blank,John Sclimenti,the night,Brett Somers,paradise,no
75,455,539,will blank,John Sclimenti,and testimony,Richard Dawson,you,no
75,456,540,napoleon blank,Sandy Vasko,bonaparte,Richard Dawson,bonaparte,yes
75,457,541,wagon blank,Sandy Vasko,trail,Richard Dawson,train,no
75,458,542,blank fairy,Sandy Vasko,tooth,Richard Dawson,tooth,yes
75,460,543,hungarian blank,Sandy Vasko,dance,Richard Dawson,goulash,no
75,461,544,blank mason,Sandy Vasko,perry,Richard Dawson,james,no
75,462,545,chocolate blank,Ron Wilmoth,cake,Richard Dawson,cake,yes
75,463,546,bridge over blank,Ron Wilmoth,troubled waters,Elaine Joyce,troubled waters,yes
75,464,547,char blank,Anne Culotta,coal,Richard Dawson,broiled,no
75,465,548,kit blank,Vicky Hutchinson,carson,Fannie Flagg,carson,yes
75,466,549,forbidden blank,Anita Becker,garden,Richard Dawson,fruit,no
75,467,550,mini blank,Bruce Anderson,skirt,Richard Dawson,mouse,no
75,468,551,robin blank,Fran Segrest,hood,Richard Dawson,hood,yes
75,469,552,blank pal,Audrey Nebenzal,pen,Richard Dawson,pen,yes
75,470,553,blank nights,Glenda Burke,a thousand and one,Richard Dawson,arabian,yes
75,471,554,slot blank,Glenda Burke,machine,Brett Somers,machine,yes
75,472,555,yorkshire blank,Glenda Burke,pudding,Richard Dawson,pudding,yes
75,473,556,blank williams,Nancy Olshan,andy,Richard Dawson,esther,no
75,474,557,polka blank,Nancy Olshan,dot,Gary Burghoff,dot,yes
75,475,558,board blank,Nancy Olshan,room,Richard Dawson,walk,no
75,476,559,partridge blank,Becky Prince,family,Jack Albertson,family,yes
75,477,560,tidal blank,Rhonda Torgerson,wave,Richard Dawson,wave,yes
75,478,561,blank town,Vicki Adlerblum,china,Richard Dawson,ghost,no
75,479,562,smoke blank,Vicki Adlerblum,ring,Brett Somers,rings,yes
75,479,563,right blank,Vicki Adlerblum,on,Richard Dawson,turn,no
75,480,564,second blank,Vicki Adlerblum,hand,Brett Somers,chance,no
75,481,565,alphabet blank,John Reed,soup,Richard Dawson,soup,yes
75,482,566,danny blank,Hedy Moran,boy,Richard Dawson,boy,yes
75,483,567,blank bride,Hedy Moran,zandy's,Richard Dawson,december,no
75,483,568,cheese blank,Marty Minton,spread,Richard Dawson,cake,no
75,484,569,poison blank,Marty Minton,ivy,Richard Dawson,ivy,yes
75,485,570,blank bottle,Bev Owens,empty,Richard Dawson,baby's,no
75,486,571,hay blank,Bev Owens,ride,Brett Somers,ride,yes
75,487,572,palm blank,Bev Owens,tree,Richard Dawson,tree,yes
75,488,573,blank mask,Bev Owens,black,Richard Dawson,halloween,no
75,489,574,far blank,Henry Griff,away,Richard Dawson,east,no
75,490,575,blank connors,Henry Griff,chuck,Brett Somers,mike,no
75,490,576,screen blank,Henry Griff,blinds,Brett Somers,door,no
75,491,577,sterling blank,Henry Griff,silver,Richard Dawson,silver,yes
75,492,578,blank clown,Marla Rocklin,bozo the,Brett Somers,circus,no
75,493,579,drag blank,Marla Rocklin,strip,Richard Dawson,race,no
75,494,580,bowl of blank,Sunny Hodges,soup,Charles Nelson Reilly,soup,yes
75,495,581,labor blank,Kay Garvin,union,Charles Nelson Reilly,pains,no
75,497,583,blank jerk,Maggie Moore,up,Richard Dawson,soda,no
75,498,584,atomic blank,Ron Valenti,bomb,Fannie Flagg,bomb,yes
75,499,585,blank language,Ron Valenti,foreign,Richard Dawson,foreign,yes
75,500,586,blank holiday,Ron Valenti,spring,Fannie Flagg,summer,no
75,501,587,blank lens,Ron Valenti,contact,Betty White,camera,no
75,502,588,blank ice,Ron Valenti,dry,Richard Dawson,crushed,no
75,503,589,pancho blank,Edna Banks,villa,Richard Dawson,gonzales,no
75,504,590,blank peel,Bill Herod,banana,Richard Dawson,orange,no
75,505,591,blank nick,Bill Herod,saint,Richard Dawson,beat,no
75,506,592,cloud blank,Nikki Layman,burst,Richard Dawson,nine,no
75,507,594,blank atlas,Diane Armijo,world,Richard Dawson,charles,no
75,508,595,arabian blank,Diane Armijo,night,Charles Nelson Reilly,nights,yes
75,509,596,dolly blank,Oliver Chamberlain,madison,Richard Dawson,madison,yes
75,510,597,cecil blank,Oliver Chamberlain,b. demille,Brett Somers,b. demille,yes
75,511,598,down to blank,Oliver Chamberlain,earth,Richard Dawson,earth,yes
75,512,599,hydrogen blank,Nita Braley,peroxide,Richard Dawson,peroxide,yes
75,513,600,high school blank,Judy Norton,graduation,Richard Dawson,play,no
75,514,601,magic blank,Warren Weinstock,wand,Richard Dawson,trick,no
75,515,602,glass of blank,Ginna Long,crystal,Brett Somers,milk,no
75,516,603,blank clip,Ginna Long,paper,Brett Somers,paper,yes
75,517,604,blank pet,Maxine Lambuth,teacher's,Richard Dawson,teacher's,yes
75,518,605,forest blank,Maxine Lambuth,lawn,Brett Somers,fire,no
75,519,606,note blank,Maxine Lambuth,paper,Richard Dawson,paper,yes
75,520,607,thomas blank,Maxine Lambuth,edison,Richard Dawson,edison,yes
75,522,609,beautiful blank,Barbara Geib,baby,Richard Dawson,baby,yes
75,523,610,blank dance,Barbara Geib,tap,Richard Dawson,tap,yes
75,525,611,blank block,Barbara Geib,building,Richard Dawson,building,yes
75,525,612,hall of blank,Barbara Geib,fame,Richard Dawson,ivy,no
75,526,613,fifty blank,Barbara Geib,dollars,Richard Dawson,fifty,no
75,527,614,harbor blank,Gloria Gates,lights,Richard Dawson,lights,yes
75,528,615,blank panther,Gloria Gates,pink,Richard Dawson,pink,yes
75,528,616,queen of blank,Fred Davidson,hearts,Orson Bean,hearts,yes
75,529,617,blank sign,Barbara Beebe,stop,Brett Somers,stop,yes
75,530,618,trap blank,Tomi Senger,door,Charles Nelson Reilly,door,yes
75,531,619,blank pound,Tomi Senger,dog,Richard Dawson,dog,yes
75,532,620,pieces of blank,Roger Young,eight,Charles Nelson Reilly,dreams,no
75,533,621,blank prize,Roger Young,booby,Richard Dawson,first,no
75,534,622,roy blank,Roger Young,rogers,Richard Dawson,rogers,yes
75,535,623,blank hepburn,Roger Young,katharine,Richard Dawson,katharine,yes
75,536,624,blank row,Marnie Davis,front,Charles Nelson Reilly,first,no
75,537,625,blank storm,Becky Lanterman,thunder,Charles Nelson Reilly,snow,no
75,538,626,blank pox,Becky Lanterman,chicken,Patti Deutsch,chicken,yes
75,539,627,yule blank,Doug Brady,time,Richard Dawson,tide,no
75,540,628,blank rat,Lynne Taylor,pack,Richard Dawson,king,no
75,541,629,pass the blank,Lynne Taylor,salt and pepper,Brett Somers,buck,no
75,541,630,blank five,Lynne Taylor,after,Richard Dawson,take,no
75,542,631,blank frog,Lynne Taylor,leap,Richard Dawson,bull,no
75,543,632,blank clark,John Luyben,gable,Richard Dawson,petula,no
75,544,633,chico blank,John Luyben,and the man,Richard Dawson,and the man,yes
75,545,634,blank scout,Jewel Berg,boy,Richard Dawson,boy,yes
75,547,636,blank date,Lauren Simon,blind,Richard Dawson,blind,yes
75,548,637,natural blank,Ginny McClinton,blonde,Richard Dawson,gas,no
75,549,638,blank cutter,Ginny McClinton,meat,Richard Dawson,glass,no
75,550,639,liberty blank,DeAnza Brock,bell,Richard Dawson,bell,yes
75,552,641,donald blank,Terry Thompson,duck,Richard Dawson,duck,yes
75,553,642,type blank,Lynn Hayes,writer,Richard Dawson,writer,yes
75,554,643,blank pink,Missy Galant,light,Richard Dawson,shocking,no
75,555,644,blank shorts,Margit Kirkpatrick,boxer,Betty White,jockey,no
75,557,646,soda blank,Margit Kirkpatrick,cracker,Richard Dawson,pop,no
75,558,647,blank bud,Margit Kirkpatrick,rose,Richard Dawson,rose,yes
75,559,648,ace blank,Margit Kirkpatrick,of spades,Richard Dawson,in the hole,no
75,560,649,blank motors,Carol Bartos,general,Richard Dawson,general,yes
75,561,650,william blank,Carol Bartos,tell,Brett Somers,tell,yes
75,562,651,wheat blank,Carol Bartos,germ,Richard Dawson,germ,yes
75,563,652,blank tie,Carol Bartos,bow,Fannie Flagg,bow,yes
75,564,653,roman blank,Carol Bartos,numeral,Richard Dawson,empire,no
75,565,654,blank mat,Carol Bartos,door,Brett Somers,bath,no
75,566,655,cole blank,Rick Latini,porter,Richard Dawson,slaw,no
75,569,657,blank shirt,Madeline Clift,t-,Sheldon Leonard,sport,no
75,570,658,judy blank,Madeline Clift,holliday,Richard Dawson,garland,no
75,570,659,blank franklin,Rosemary Wiedeman,ben,Richard Dawson,ben,yes
75,572,660,blank shot,Rosemary Wiedeman,bank,Barbara McNair,gun,no
75,573,661,blank sick,Terry Bower,tick,Brett Somers,home,no
75,574,662,go for blank,Monica Getz,broke,Richard Dawson,broke,yes
75,576,664,blank tent,John Schlicker,pup,Richard Dawson,pup,yes
75,577,665,cup blank,John Schlicker,hook,Richard Dawson,and saucer,no
75,578,666,blank kong,John Schlicker,king,Richard Dawson,king,yes
75,580,668,blank tracy,Lauren Huntley,dick,Richard Dawson,dick,yes
75,581,669,somewhere blank,Lauren Huntley,over the rainbow,Richard Dawson,over the rainbow,yes
75,582,670,blank rich,Don Grate,filthy,Richard Dawson,charlie,no
75,582,671,blank sack,Toni Hudak,gunny,Richard Dawson,knap,no
75,583,672,tunnel blank,Marla Gelman,of love,Richard Dawson,of love,yes
75,584,673,blank set,Tim Conley,jet,Richard Dawson,sun,no
75,585,675,katherine blank,Tim Conley,hepburn,Mary Ann Mobley,hepburn,yes
75,586,676,blank along,Sandy Smith,hop,Richard Dawson,hop,yes
75,587,677,blank coach,Katie Heintz,football,Richard Dawson,stage,no
75,589,679,blank crush,Sedalia Jones,orange,Richard Dawson,orange,yes
75,590,680,hour blank,Ellen Rowe,glass,Richard Dawson,glass,yes
75,591,681,blank light,Ellen Rowe,night,Richard Dawson,electric,no
75,592,682,above blank,Barbara Sole,ground,Richard Dawson,board,no
75,593,683,middle of the blank,Barbara Sole,road,Richard Dawson,road,yes
75,594,684,mouse blank,Monica Cobler,trap,Richard Dawson,trap,yes
75,595,685,blank machine,Ann Harper,sewing,Richard Dawson,slot,no
75,596,686,blank heat,Charles Molar,summer,Richard Dawson,steam,no
75,596,687,fourth blank,Charles Molar,of july,Richard Dawson,of july,yes
75,598,688,blank beam,Laura Callahan,laser,Richard Dawson,moon,no
75,599,689,blank men,Laura Callahan,gentle,Joe Silver,chess,no
75,600,690,letter blank,Linda Abel,opener,Richard Dawson,opener,yes
75,601,691,left blank,Linda Abel,hook,Clifton Davis,face,no
75,602,692,twin blank,Rick Neely,girls,Richard Dawson,beds,no
75,603,693,tennis blank,Dorothy Sibel,racket,Richard Dawson,racket,yes
75,604,694,counter blank,Dorothy Sibel,attack,Richard Dawson,top,no
75,605,695,trail blank,Dorothy Sibel,blazer,Richard Dawson,blazer,yes
75,606,696,nervous blank,Dorothy Sibel,breakdown,Richard Dawson,breakdown,yes
75,607,697,blank test,Dorothy Sibel,con,Richard Dawson,driving,no
75,608,698,virginia blank,John McDonald,slims,Richard Dawson,graham,no
75,610,700,blank trick,Susie Thompson,halloween,Richard Dawson,magic,no
75,611,701,whirl blank,Susie Thompson,wind,Richard Dawson,pool,no
75,612,702,grave blank,Carol Fisher,digger,Richard Dawson,digger,yes
75,613,703,jump on the blank,Carol Fisher,bandwagon,Richard Dawson,trampoline,no
75,614,704,blank punishment,Jack Butts,capital,Richard Dawson,capital,yes
75,616,705,pit blank,Jack Butts,pat,Richard Dawson,stop,no
75,617,706,graham blank,Doris Dean,cracker,Richard Dawson,crackers,yes
76,619,708,teacher's blank,Janice Valentine,pet,Richard Dawson,pet,yes
76,620,709,blank buttons,Penny Barrow,coat,Richard Dawson,red,no
76,621,710,fog blank,Judy Mann,cloud,Richard Dawson,horn,no
76,622,711,dental blank,Chip Keyes,floss,Richard Dawson,floss,yes
76,622,712,blank policy,Patty Anselmi,insurance,Richard Dawson,insurance,yes
76,624,713,tug blank,Farnesia Boswell,boat,Isabel Sanford,boat,yes
76,625,714,blank whip,Farnesia Boswell,miracle,Isabel Sanford,cream,no
76,625,715,whistle blank,Farnesia Boswell,ing dixie,Isabel Sanford,stop,no
76,627,716,roast blank,Rick Bursky,chicken,Richard Dawson,beef,no
76,628,718,hit and blank,Rick Bursky,run,Charles Nelson Reilly,run,yes
76,629,719,stop blank,Denise Esola,light,Richard Dawson,sign,no
76,630,720,tree blank,Mickey Benes,trunk,Richard Dawson,house,no
76,631,721,blank collection,Puanani Caindec,stamp,Charles Nelson Reilly,stamp,yes
76,632,722,coral blank,Wendy Wochinski,reef,Richard Dawson,reef,yes
76,633,723,blank cage,Gary Armstrong,lion,Lee Meriwether,bird,no
76,634,724,blank fidelity,Gary Armstrong,in,Bill Daily,high,no
76,635,725,blank door,Kathy Steck,back,Richard Dawson,front,no
76,636,726,blank paste,Bill Dotson,school,Richard Dawson,tooth,no
76,638,728,blank of fortune,Bill Dotson,wheel,Richard Dawson,wheel,yes
76,639,729,blank wave,Bill Dotson,permanent,Brett Somers,tidal,no
76,641,731,blank parks,Susie Parker,bert,Brett Somers,bert,yes
76,642,732,lamp blank,Susie Parker,shade,Richard Dawson,post,no
76,643,733,blank pass,Terry Donaugh,forward,Betty White,forward,yes
76,644,734,blank truth,Terry Donaugh,to tell the,Betty White,to tell the,yes
76,646,736,lorna blank,Terry Donaugh,doone,Richard Dawson,doone,yes
76,647,737,blank lighter,Judy Hoff,cigarette,Richard Dawson,cigarette,yes
76,648,738,blank zone,Eleanor Forman,safety,Richard Dawson,parking,no
76,649,739,blank ice cream,Valerie Shortino,chocolate,Richard Dawson,choc,yes
76,649,740,after blank,Valerie Shortino,dinner,Richard Dawson,noon,no
76,650,741,state blank,Chris Borgeson,capital,Richard Dawson,fair,no
76,651,742,blank puss,Kathy Rheuher,lion,Richard Dawson,sour,no
76,653,743,cherry blank,Tad Larson,pie,Richard Dawson,pie,yes
76,654,744,get on the blank,Tad Larson,ball,Richard Dawson,ball,yes
76,654,745,suit of blank,Tad Larson,armor,Richard Dawson,armor,yes
76,655,746,blank the man,Patricia Crater,shoot,Richard Dawson,stan,no
76,656,747,blank jelly,Velma Murray,grape,Richard Dawson,grape,yes
76,657,748,blank pie,Velma Murray,apple,Richard Dawson,apple,yes
76,658,749,blank player,Velma Murray,baseball,Richard Dawson,record,no
76,659,750,blank walk,Velma Murray,side,Richard Dawson,side,yes
76,660,751,police blank,Julie Wingate,man,Richard Dawson,story,no
76,661,752,tall blank,Julie Wingate,dark stranger,Richard Dawson,dark and handsome,no
76,662,753,milk and blank,Julie Wingate,cookies,Richard Dawson,cookies,yes
76,663,754,blank stamp,Greg Todd,postage,Brett Somers,postage,yes
76,664,755,new blank,Greg Todd,year,Brett Somers,year,yes
76,665,756,blank oats,Greg Todd,quaker,Brett Somers,quaker,yes
76,666,757,cat's blank,Greg Todd,meow,Richard Dawson,whiskers,no
76,667,758,enchanted blank,Patti Hirahara,evening,Richard Dawson,forest,no
76,668,759,blank web,Patti Hirahara,spider,George Kennedy,spider,yes
76,669,760,race blank,Patti Hirahara,horse,George Kennedy,horse,yes
76,671,762,blank arm,Patty Kromer,broken,Richard Dawson,fire,no
76,672,763,barn blank,Patty Kromer,yard,Richard Dawson,yard,yes
76,672,764,toy blank,Patty Kromer,poodle,Richard Dawson,boat,no
76,674,765,blank salad,Nancy Pappas,caesar,Richard Dawson,fruit,no
76,674,766,blank point,Nancy Pappas,west,Clifton Davis,west,yes
76,675,767,blank shelf,Nancy Pappas,top,Patty Duke Astin,book,no
76,676,768,blank hutch,Nancy Pappas,china,Richard Dawson,rabbit,no
76,677,769,blank pump,Nancy Pappas,gas,Richard Dawson,gas,yes
76,678,770,blank ticket,Nancy Pappas,admittance,Richard Dawson,theater,no
76,679,772,space blank,Gloria Ateman,module,Richard Dawson,capsule,no
76,680,773,blank ives,Mike Strickroth,burl,Richard Dawson,burl,yes
76,681,774,touch blank,Mike Strickroth,down,Richard Dawson,football,no
76,682,775,make a blank,Sally Westwood,cake,Richard Dawson,wish,no
76,683,776,off to the blank,Sally Westwood,races,Richard Dawson,races,yes
76,684,777,loretta blank,Sally Westwood,young,Richard Dawson,young,yes
76,685,778,spider blank,Sally Westwood,legs,Richard Dawson,web,no
76,686,779,carbon blank,Sharon McNichol,monoxide,Richard Dawson,paper,no
76,687,780,skid blank,Marjorie Wofford,row,Richard Dawson,row,yes
76,688,781,blank magazine,Cindy Storrs,time,Richard Dawson,playboy,no
76,690,783,howdy blank,Tommy Simmons,doody,Brett Somers,doody,yes
76,691,784,steel blank,Tommy Simmons,rod,Brett Somers,band,no
76,692,785,stand on your blank,Tommy Simmons,head,Brett Somers,feet,no
76,694,787,blank knock,Tom Robinson,knock,Fannie Flagg,please,no
76,694,788,blank margaret,Gerri Andrews,ann,Richard Dawson,ann,yes
76,695,789,blank trot,Sandy Carlisle,hot to,Richard Dawson,fox,no
76,696,790,get out of blank,Sandy Carlisle,here,Richard Dawson,town,no
76,698,791,basket blank,Marlene Scott,ball,Richard Dawson,ball,yes
76,699,792,bus blank,Marlene Scott,ride,Richard Dawson,stop,no
76,699,793,medical blank,Carrie Tyler,bag,Richard Dawson,center,no
76,701,794,irving blank,Carrie Tyler,berlin,Richard Dawson,berlin,yes
76,702,795,outer blank,Kathryn Robinson,space,Richard Dawson,space,yes
76,703,796,blank marx,Kathryn Robinson,karl,Richard Dawson,groucho,no
76,704,797,wooden blank,Beth Marie,leg,Richard Dawson,indian,no
76,705,798,bald blank,Beth Marie,eagle,Richard Dawson,head,no
76,706,799,copy blank,Carol Bittick,machine,Richard Dawson,cat,no
76,707,800,ugly blank,Carol Bittick,duckling,Charles Nelson Reilly,duckling,yes
76,708,801,hammer and blank,Carol Bittick,nails,Charles Nelson Reilly,nails,yes
76,709,803,blank instrument,Carol Bittick,musical,Charles Nelson Reilly,musical,yes
76,710,804,sunday blank,Carol Bittick,papers,Charles Nelson Reilly,morning,no
76,711,805,sentimental blank,Gwen Furie,reasons,Charles Nelson Reilly,journey,no
76,712,806,sammy blank,Gwen Furie,davis,Charles Nelson Reilly,davis,yes
76,713,807,strip blank,Dale Hodkinson,poker,Charles Nelson Reilly,poker,yes
76,714,808,throw blank,Lisa Spear,up,Richard Dawson,up,yes
76,715,809,stuffed blank,Marcus Lewis,animal,Richard Dawson,turkey,no
76,716,810,london blank,Marcus Lewis,bridges,Charles Nelson Reilly,bridge,yes
76,717,811,blank headache,Marcus Lewis,splitting,Charles Nelson Reilly,migraine,no
76,718,812,arm and blank,Darlene Landon,hammer,Betty White,hammer,yes
76,719,813,fig blank,Darlene Landon,newton,Richard Dawson,newton,yes
76,720,814,blank sin,Darlene Landon,mortal,Richard Dawson,my,no
76,721,815,blank hot,Darlene Landon,red,Richard Dawson,red,yes
76,722,816,blow your blank,Darlene Landon,nose,Fannie Flagg,nose,yes
76,724,817,blank tobacco,Rita Stookey,chewing,Richard Dawson,chewing,yes
76,725,818,blank eagle,Russ Watson,bald,Richard Dawson,bald,yes
76,727,820,blank rule,Ellen Bell,golden,Richard Dawson,golden,yes
76,728,821,blank chain,Gail Taylor,tire,Richard Dawson,daisy,no
76,729,822,blank split,Murray Metz,lickety,Richard Dawson,banana,no
76,730,823,dean blank,Murray Metz,martin,Richard Dawson,martin,yes
76,731,824,blank wax,Kay Denny,johnson's,Richard Dawson,ball of,no
76,732,825,blank and go,Kay Denny,up,Richard Dawson,stop,no
76,733,826,political blank,Kim Ketchum,science,Betty White,campaign,no
76,734,827,blank and nail,Denise Rose,tooth,Richard Dawson,tooth,yes
76,737,829,lamb blank,Cecil Fawcett,chops,Richard Dawson,chop,yes
76,738,830,blank ranger,Cecil Fawcett,lone,Richard Dawson,lone,yes
76,738,831,blank tank,Toni Tut,gas,Richard Dawson,fish,no
76,739,832,blank tune,Juanita Ludwig,love,Richard Dawson,happy,no
76,740,833,blank arthur,Andy Lee,beatrice,Richard Dawson,king,no
76,741,834,jimmy blank,Andy Lee,durante,Richard Dawson,cagney,no
76,742,835,blank polo,Rory DeMeire,marco,Richard Dawson,marco,yes
76,743,836,blank gum,Robbie Zollars,bubble,Richard Dawson,chewing,no
76,744,837,blank simon,Robbie Zollars,simple,Richard Dawson,simple,yes
76,745,838,st. louis blank,Robbie Zollars,missouri,Richard Dawson,blues,no
76,745,839,blank vault,Marjorie Hart,bank,Brett Somers,bank,yes
76,746,840,blank writer,Marjorie Hart,ghost,Brett Somers,type,no
76,747,841,shrimp blank,Larry Guthrie,salad,Brett Somers,cocktail,no
76,748,842,blank mouse,Larry Guthrie,mickey,Brett Somers,mickey,yes
76,749,843,my friend blank,Gloria Hendley,joey,Richard Dawson,irma,no
76,750,844,sweat blank,Gloria Hendley,shirt,Richard Dawson,shirt,yes
76,751,845,vanilla blank,Gloria Hendley,ice cream,Richard Dawson,ice cream,yes
76,752,846,pair of blank,Gloria Hendley,shoes,Richard Dawson,shoes,yes
76,753,847,blank times,Nori Newton,good,Richard Dawson,good,yes
76,754,848,town blank,Marcy McMillan,house,Fannie Flagg,hall,no
76,755,849,bank blank,Joe Byer Jr.,teller,Richard Dawson,of america,no
76,757,850,blank scotch,Joe Byer Jr.,hop,Richard Dawson,hop,yes
76,757,851,rocket blank,Joe Byer Jr.,ship,Richard Dawson,ship,yes
76,758,852,sound blank,Melanie Almskog,of music,Richard Dawson,of music,yes
76,759,853,western blank,Melanie Almskog,airlines,Richard Dawson,union,no
76,760,854,life blank,Charles Strickland,insurance,Fannie Flagg,guard,no
76,761,855,huckleberry blank,Charles Strickland,finn,Richard Dawson,finn,yes
76,762,856,blank tea,Kate Nagy,black,Brett Somers,iced,no
76,763,857,eagle blank,Ralph Goldsmith,scout,Richard Dawson,scout,yes
76,764,858,blank brush,Ralph Goldsmith,tooth,Richard Dawson,hair,no
76,765,859,man blank,Ralph Goldsmith,and woman,Richard Dawson,trap,no
