Season,Episode,Game,Question,First Panelist Chosen,First Panelist Answer,Second Panelist Chosen,Second Panelist Answer,Third Panelist Chosen,Third Panelist Answer,Contestant,Contestant Answer,$100 Answer,$250 Answer,$500 Answer,Contestant Earnings
73,1,1,blank bridge,Michael Landon,golden gate,Richard Dawson,london,Anita Gillette,george washington,Stanley Viltz,golden gate,brooklyn,golden gate,london,250
73,2,2,odd blank,Jo Ann Pflug,couple,Anita Gillette,ball,Vicki Lawrence,or even,Stanley Viltz,ball,fellow,ball,couple,250
73,2,3,water blank,Jo Ann Pflug,fall,Richard Dawson,bed,Anita Gillette,gate,Stanley Viltz,bed,falls,bed,gate,250
73,3,4,watch your blank,Michael Landon,step,Anita Gillette,weight,Jo Ann Pflug,wallet,Stanley Viltz,step,language,weight,step,500
73,3,5,blank belly,Jo Ann Pflug,jelly,Michael Landon,yellow,Jack Klugman,fat,Stanley Viltz,yellow,pot,beer,jelly,0
73,4,6,prince blank,Jo Ann Pflug,philip,Richard Dawson,charming,Anita Gillette,charles,Gary Walls,charming,albert,valiant,charming,500
73,4,7,chicken blank,Jack Klugman,livers,Vicki Lawrence,soup,Richard Dawson,little,Gary Walls,delight,delight,,,100
73,5,8,william blank,Jack Klugman,tell,Michael Landon,shakespeare,Jo Ann Pflug,windom,Gary Walls,tell,holden,shakespeare,tell,500
73,6,9,home blank,Michael Learned,sweet home,Della Reese,cooking,Richard Dawson,maker,Gary Walls,sweet home,on the range,run,sweet home,500
73,6,10,pop blank,Arlene Francis,corn,Bob Barker,bottle,Richard Thomas,goes the weasel,Gary Walls,corn,sicle,goes the weasel,corn,500
73,7,11,blue blank,Bob Barker,heaven,Michael Learned,berry pie,Richard Thomas,moon,Mary Vanderdusen,moon,chip,moon,sky,250
73,7,12,blank lips,Richard Dawson,hot,Arlene Francis,puckered,Richard Thomas,red,Gita Satyendra,hot,sweet,red,hot,500
73,8,13,fat blank,Della Reese,daddy,Michael Learned,cat,Richard Thomas,so,Gita Satyendra,so,man,albert,cat,0
73,9,14,easter blank,Bob Barker,egg,Michael Learned,bonnet,Richard Thomas,bunny,Helene Harrington,bunny,parade,sunday,bunny,500
73,9,15,count blank,Della Reese,basie,Richard Dawson,dracula,Arlene Francis,me out,Helene Harrington,basie,your blessings,dracula,down,0
73,10,16,blank brothers,Bob Barker,marx,Richard Thomas,joyce,Michael Learned,big,Sylvia Martin,marx,smith,marx,smothers,250
73,10,17,grand blank,Bob Barker,father,Richard Thomas,slam,Della Reese,canyon,Beverly Ballard,canyon,prize,slam,canyon,500
73,11,18,blank day,Charles Nelson Reilly,doris,Betty White,have a nice,Bert Convy,rainy,Dinah Hewlett,birth,birth,happy,doris,100
73,12,19,upper blank,Brett Somers,berth,Charles Nelson Reilly,teeth,Jaye P. Morgan,class,Roger Kissell,class,plate,berth,lip,0
73,13,20,mickey blank,Jaye P. Morgan,mouse,Charles Nelson Reilly,finn,Brett Somers,spillane,Fern Zaylen,mouse,mantle,rooney,mouse,500
73,13,21,mark blank,Brett Somers,twain,Richard Dawson,spitz,Betty White,goodson,Michelle Baylen,twain,anthony,twain,spitz,250
73,14,22,that old blank,Charles Nelson Reilly,gang of mine,Bert Convy,black magic,Betty White,feeling,Cheryl Christianson,black magic,man,feeling,black magic,500
73,15,23,bare blank,Betty White,feet,Brett Somers,back,Charles Nelson Reilly,chest,Jeff Nichols,feet,bottom,back,foot,500
73,15,24,captain blank,Charles Nelson Reilly,midnight,Brett Somers,bligh,Bert Convy,marvel,Jeff Nichols,bligh,hook,kidd,kangaroo,0
73,16,25,blank guard,Jo Ann Pflug,life,Jack Carter,safe,Richard Dawson,right,Jeff Nichols,life,national,life,right,250
73,17,26,monkey blank,Jo Ann Pflug,business,Barbara Stuart,wrench,Dick Gautier,shines,Jeff Nichols,shines,wrench,"see, monkey do",business,0
73,17,27,seven blank,Jo Ann Pflug,eleven,Richard Dawson,up,Jack Carter,dwarves,Jeff Nichols,up,seas,eleven,up,500
73,18,28,blank powder,Jo Ann Pflug,gun,Richard Dawson,face,Dick Gautier,tooth,Jeff Nichols,gun,talcum,face,gun,500
73,19,29,tooth blank,Jo Ann Pflug,paste,Shelley Winters,ache,Jack Carter,less,Jeff Nichols,paste,brush,paste,ache,250
73,19,30,blank sticks,Jo Ann Pflug,pick up,Richard Dawson,drum,Dick Gautier,match,Helen Molnar,chop,match,pick up,chop,500
73,20,31,blank laugh,Dick Gautier,belly,Jack Carter,funny,Richard Dawson,last,Helen Molnar,last,belly,last,horse,250
73,21,32,blank foot,Mary Ann Mobley,hot,Richard Dawson,athlete's,Kay Ballard,rabbit's,Helen Molnar,bare,hot,athlete's,bare,500
73,22,33,catch a blank,Charles Nelson Reilly,falling star,Richard Dawson,cold,Mary Ann Mobley,ball,Helen Molnar,thief,cold,ball,thief,500
73,22,34,chopped blank,Bert Convy,liver,Richard Dawson,ice,Kay Ballard,steak,Bill Lolly,liver,onions,meat,liver,500
73,23,35,lazy blank,Bert Convy,river,Loretta Swit,susan,Kay Ballard,bones,Bill Lolly,susan,susan,bones,days,100
73,24,36,blank street,Bert Convy,42nd,Mary Ann Mobley,back,Richard Dawson,della,Bill Lolly,sesame,one way,main,sesame,500
73,24,37,joe blank,Bert Convy,namath,Richard Dawson,lewis,Kay Ballard,dimaggio,Bill Lolly,lewis,palooka,namath,blow,0
73,25,38,top blank,Bert Convy,less,Mary Ann Mobley,notch,Richard Dawson,of the morning,Bill Lolly,notch,heavy,banana,hat,0
73,25,39,rock blank,Bert Convy,hudson,Charles Nelson Reilly,mountain,Kay Ballard,and roll,Chris Jones,and roll,hudson,group,and roll,500
73,26,40,dumb blank,Betty White,bell,Morey Amsterdam,bunny,Carolyn Jones,dumb,Sue Yannick,bell,blonde,bunny,bell,500
73,27,41,sneak blank,Betty White,thief,Bert Convy,preview,Morey Amsterdam,,Sue Yannick,preview,a peek,thief,preview,500
73,28,42,long blank,Carolyn Jones,underwear,Betty White,life,Richard Dawson,gone,Sue Yannick,underwear,distance,hair,johns,500
73,29,43,flower blank,Bert Convy,pot,Richard Dawson,power,Carolyn Jones,child,Sue Yannick,pot,child,power,pot,500
73,29,44,bed blank,Bert Convy,room,Betty White,time,Richard Dawson,bug,Sue Yannick,room,bugs,time,room,500
73,30,45,snake blank,Carolyn Jones,pit,Betty White,bite,Bert Convy,venom,Bob Rolfe,pit,bite,pit,in the grass,250
73,34,47,horse blank,Bert Convy,radish,Richard Dawson,shoes,Nanette Fabray,sense,Nancy Sudor,radish,race,shoe,sense,0
73,35,48,air blank,Bert Convy,plane,Jack Carter,dale,Richard Dawson,port,Georgianna Dye,plane,plane,pollution,conditioner,100
73,35,49,raw blank,Bert Convy,meat,Richard Dawson,vegetables,Lucie Arnaz,hide,Tom Garnella,hide,carrots,meat,hide,500
73,36,50,false blank,Loretta Swit,eyelashes,Richard Dawson,teeth,Ruta Lee,ies,Tom Garnella,teeth,eyelashes,alarm,teeth,500
73,37,51,play blank,Charles Nelson Reilly,ball,Brett Somers,boy,Richard Dawson,ground,Tom Garnella,ball,ground,ball,boy,250
73,37,52,spare blank,Charles Nelson Reilly,ribs,Loretta Swit,tire,Richard Dawson,change,Linda Olson,ribs,time,ribs,tire,250
73,38,53,down in the blank,Morey Amsterdam,drain,Charles Nelson Reilly,dumps,Richard Dawson,mouth,Linda Olson,dumps,mouth,valley,dumps,500
73,39,54,bubble blank,Charles Nelson Reilly,gum,Loretta Swit,bath,Ruta Lee,,Linda Olson,bath,up,bath,gum,250
73,39,55,king blank,Brett Somers,kong,Ruta Lee,size,Loretta Swit,cobra,Grady Ham,kong,cole,of the road,kong,500
73,40,56,hot blank,Brett Somers,pants,Ruta Lee,dog,Loretta Swit,shot,Grady Ham,dog,pants,dog,lips,250
73,40,57,blank wife,Brett Somers,dumb,Ruta Lee,mid,Loretta Swit,house,Grady Ham,house,mid,ex,house,500
73,41,58,girl blank,Stu Gilliam,friend,Stephanie Edwards,talk,Richard Dawson,scout,Grady Ham,friend,talk,scout,friend,500
73,42,59,hop blank,Stu Gilliam,scotch,Jack Klugman,head,Stephanie Edwards,skip and a jump,Michelle Alexander,scotch,along cassidy,skip and jump,scotch,500
73,43,60,blank bells,Richard Dawson,church,Stu Gilliam,jingle,Brett Somers,christmas,Michelle Alexander,jingle,hell's,wedding,jingle,500
73,44,61,vice blank,Stephanie Edwards,versa,Betty White,president,Jack Klugman,squad,Dawn Blankney,president,versa,squad,president,500
73,44,62,blank tom,Brett Somers,uncle,Betty White,tom,Stephanie Edwards,,Dawn Blankney,uncle,tom,uncle,peeping,250
73,45,63,blank bill,Betty White,buffalo,Stu Gilliam,unpaid,Jack Klugman,bronco,Dawn Blankney,buffalo,dollar,wild,buffalo,500
73,46,64,dear blank,Bobby Van,john,Brett Somers,heart,Nanette Fabray,friend,Lana Spraker,john,sir,abby,john,500
73,47,65,bad blank,Bobby Van,times,Brett Somers,day at black rock,Richard Dawson,mouth,Donna King,times,boy,temper,breath,0
73,48,66,drop blank,Nanette Fabray,dead,Charles Nelson Reilly,out,Bobby Van,kick,Patrick Taylor,dead,in,out,dead,500
73,48,67,june blank,Brett Somers,wedding,Richard Dawson,bride,Elaine Joyce,bug,Patrick Taylor,wedding,moon,bug,bride,0
73,49,68,billy blank,Bobby Van,the kid,Charles Nelson Reilly,jack,Richard Dawson,goat,Sandy Simmons,the kid,goat,jack,the kid,500
73,50,69,nose blank,Bobby Van,job,Richard Dawson,gay,Nanette Fabray,bleed,Beverly Ventimiglia,job,cone,job,bleed,250
73,51,70,minute blank,Stu Gilliam,man,Ann Elder,rice,Richard Dawson,steak,Beverly Ventimiglia,rice,rice,maid,man,100
73,51,71,blank hose,Brett Somers,rubber,Richard Dawson,silk,Ann Elder,panty,Beverly Ventimiglia,panty,garden,fire,panty,500
73,52,72,straw blank,Brett Somers,hat,Richard Dawson,berry,Stu Gilliam,dog,Beverly Ventimiglia,hat,dog,berries,hat,500
73,53,73,rubber blank,Richard Dawson,duck,McLean Stevenson,band,Stu Gilliam,hose,Beverly Ventimiglia,band,tire,ball,band,500
73,53,74,blank tower,Ann Elder,eiffel,Brett Somers,london,Stu Gilliam,leaning,Margie Dale,eiffel,ivory,leaning,eiffel,500
73,55,75,howard blank,Ann Elder,cosell,Stu Gilliam,hughes,Brett Somers,s end,Lonnie Stewart,hughes,johnson,cosell,hughes,500
73,55,76,foul blank,Richard Dawson,mouth,McLean Stevenson,ball,Brett Somers,smell,Diane Whiting,ball,language,ball,play,250
73,56,77,jail blank,Richard Dawson,bird,Jack Klugman,bait,Brett Somers,house,Alan Bernard,bird,bait,house,bird,500
73,57,78,blank dancer,Brett Somers,belly,Richard Dawson,fan,Jo Ann Pflug,bubble,Barbara Schlecht,belly,ballet,tap,belly,500
73,58,79,blank hall,Richard Dawson,monty,Pat Carroll,carnegie,Jack Klugman,dance,Barbara Schlecht,monty,carnegie,dance,monty,500
73,59,80,wet blank,Jack Klugman,wash,Richard Dawson,hens,Jo Ann Pflug,blanket,Sue Raglan,blanket,blanket,feet,paint,100
73,59,81,flash blank,Richard Dawson,gordon,Jo Ann Pflug,camera,Jack Klugman,light,Sue Raglan,light,gordon,bulb,light,500
73,60,82,blank walker,Jack Klugman,jimmy,Pat Carroll,baby,Richard Dawson,street,Sue Raglan,street,street,jay,johnny,100
73,61,83,blank race,Nipsey Russell,rat,Loretta Swit,drag,Richard Dawson,human,John Stern,human,human,rat,horse,100
73,62,84,charlie blank,Betty White,chaplin,Richard Dawson,horse,Nipsey Russell,brown,John Stern,brown,chaplin,chan,brown,500
73,63,85,egg blank,Nipsey Russell,yolk,Loretta Swit,nog,Betty White,salad,Kathy Carelias,nog,roll,head,nog,500
73,63,86,cold blank,Betty White,feet,Nipsey Russell,turkey,Richard Dawson,nose,Rosemarie Salas,feet,feet,water,duck,100
73,64,87,free blank,Loretta Swit,love,Charles Nelson Reilly,bies,Richard Dawson,fall,Tamira Cook,press,for all,love,way,0
73,65,88,blank ball,Nipsey Russell,base,Richard Dawson,play,Betty White,foot,Diane Babbin,base,lucille,foot,base,500
73,66,89,african blank,Bert Convy,nation,Mary Ann Mobley,violet,Richard Dawson,safari,Diane Babbin,safari,violet,queen,safari,500
73,66,90,lost blank,Richard Dawson,horizon,Mary Ann Mobley,and found,Bert Convy,continent,Kathy Stone,and found,in space,and found,horizon,250
73,67,91,blank chips,Mary Ann Mobley,potato,Nipsey Russell,poker,Richard Dawson,fish and,Robert Spencer Jr.,potato,mr.,poker,potato,500
73,68,92,blank booth,Brett Somers,phone,Bert Convy,john wilkes,Mary Ann Mobley,toll,Loretta Savory,phone,ticket,shirley,telephone,500
73,69,93,blank news,Mary Ann Mobley,good,Bert Convy,bad,Richard Dawson,eyewitness,Joyce Nunley,good,six o'clock,bad,good,500
73,70,94,flat blank,Mary Ann Mobley,tire,Bert Convy,foot,Nipsey Russell,head,Johanna Sartori,tire,chested,top,tire,500
73,70,95,blank flake,Richard Dawson,corn,Mary Ann Mobley,snow,Nipsey Russell,wheat,Rita Rossler,snow,soap,corn,snow,500
73,71,96,love blank,Jo Ann Pflug,lorn,Betty White,affair,Pat Harrington,mate,Tom Schultz,story,american style,and marriage,story,500
73,72,97,cotton blank,Betty White,candy,Charles Nelson Reilly,tail,Richard Dawson,reel,Tom Schultz,candy,gin,candy,balls,250
73,73,98,blank bucket,Brett Somers,old oaken,Richard Dawson,ice,Betty White,kick the,Sunny Coleman,ice,kick the,ice,water,250
73,73,99,flip blank,Brett Somers,wilson,Jo Ann Pflug,and flop,Richard Dawson,over,Sunny Coleman,wilson,flop,your lid,wilson,500
73,74,100,dry blank,Jo Ann Pflug,ice,Brett Somers,dock,Richard Dawson,martini,Sunny Coleman,martini,ice,martini,cleaners,250
73,75,101,blank bath,Betty White,steam,Pat Harrington,hot,Jo Ann Pflug,bubble,Nancy Cox,bubble,bird,steam,bubble,500
73,76,102,box blank,Richard Dawson,lunch,Bert Convy,car,Fannie Flagg,top,Richard Volzing,top,lunch,top,office,250
73,77,103,blank chair,Richard Dawson,rocking,Fannie Flagg,wheel,Bert Convy,electric,Colleen Kranz,rocking,electric,high,rocking,500
73,77,104,blank control,Brett Somers,birth,Richard Dawson,mission,Bert Convy,pest,Jane Brooks,birth,remote,self,birth,500
73,78,105,blank shore,Fannie Flagg,dinah,Ann Elder,sea,Jack Carter,ship to,Jane Brooks,dinah,ship to,dinah,sea,250
73,79,106,blank hook,Brett Somers,captain,Richard Dawson,coat,Jack Carter,fish,Jane Brooks,fish,left,captain,fish,500
73,79,107,station blank,Fannie Flagg,master,Brett Somers,break,Bert Convy,wagon,Susie Grabielle,break,master,wagon,break,500
73,80,108,post blank,Richard Dawson,office,Jack Carter,card,Ann Elder,box,Susie Grabielle,office,mortem,card,office,500
73,81,109,april blank,Richard Dawson,fool,Betty White,showers,Brett Somers,,Emmy Rick,showers,love,fool,showers,500
73,82,110,under blank,Nipsey Russell,standing,Betty White,wear,Jim Backus,ground,Josephine Williams,wear,cover,wear,dog,250
73,83,111,blank roses,Nipsey Russell,four,Richard Dawson,long stem,Brett Somers,red,Myron Nisley,red,bed of,four,red,500
73,83,112,mister blank,Jim Backus,president,Brett Somers,ed,Betty White,magoo,Myron Nisley,president,roberts,magoo,ed,0
73,84,113,turkish blank,Brett Somers,bath,Patti Deutsch,taffee,Nipsey Russell,towel,Myron Nisley,bath,taffee,towel,bath,500
73,85,114,funny blank,Patti Deutsch,face,Nipsey Russell,papers,Richard Dawson,money,Susan Rayfield,girl,bone,face,girl,500
73,86,115,blank alley,Brett Somers,schubert,Richard Dawson,bowling,Mary Ann Mobley,tin pan,Susan Rayfield,tin pan,back,tin pan,bowling,250
73,87,116,blank cut,Mary Ann Mobley,short,Bill Cullen,cold,Jack Klugman,hair,Susan Rayfield,hair,prime,short,hair,500
73,87,117,blank toe,Mary Ann Mobley,tip,Jack Klugman,mistle,Brett Somers,big,Eleanor Crowley,big,tip,tic tac,big,500
73,88,118,rip blank,Richard Dawson,van winkle,Brett Somers,off,Cass Elliot,cord,Bill Goldstein,van winkle,torn,off,van winkle,500
73,89,119,blank digger,Cass Elliot,gold,Jack Klugman,clam,Mary Ann Mobley,ditch,Antoinette Osbourne,gold,ditch,grave,gold,500
73,90,120,flying blank,Richard Dawson,fish,Jack Klugman,trapeze,Bill Cullen,saucer,Antoinette Osbourne,saucer,high,saucer,nun,250
73,91,121,ham blank,Richard Dawson,burger,Brett Somers,sandwich,Betty White,and eggs,Antoinette Osbourne,burger,sandwich,burger,and eggs,250
73,92,122,laughing blank,McLean Stevenson,gas,Betty White,hyena,Robert Vaughn,lady,Charlie Boldue,hyena,matter,gas,hyena,500
73,92,123,pass blank,Betty White,over,Richard Dawson,out,McLean Stevenson,book,Charlie Boldue,word,the buck,out,word,500
73,93,124,p.t. blank,Betty White,barnum,Richard Dawson,a,Nancy Dussault,boat,Charlene Jamison,a,boat,barnum,a,500
73,94,125,blank white,McLean Stevenson,snow,Richard Dawson,betty,Betty White,pure,Charlene Jamison,snow,betty,black and,snow,500
73,95,126,broad blank,Betty White,way,McLean Stevenson,jump,Robert Vaughn,side,Ellen Hoey,way,minded,jump,way,500
73,95,127,blank drum,Betty White,bass,Richard Dawson,ear,Robert Vaughn,hum,Ellen Hoey,bass,hum,ear,bass,500
73,96,128,belly blank,Ann Elder,button,Robert Q. Lewis,up,Richard Dawson,dancer,Ellen Hoey,button,laugh,button,dancer,250
73,97,129,peg blank,Morey Amsterdam,leg,Ann Elder,board,Richard Dawson,of my heart,Jerry Mayo,leg,of my heart,board,leg,500
73,98,130,ring blank,Brett Somers,side,Richard Dawson,a-ding-ding,Ann Elder,bearer,Barbara Maveno,side,finger,leader,around the collar,0
73,99,131,johnny blank,Richard Dawson,carson,Brett Somers,cash,Ann Elder,mathis,Barbara Maveno,cash,come lately,appleseed,carson,0
73,99,132,ash blank,Brett Somers,tray,Richard Dawson,can,Robert Q. Lewis,wednesday,Barbara Maveno,tray,can,wednesday,tray,500
73,100,133,blank train,Joyce Bulifant,choo choo,Richard Dawson,wedding,Ann Elder,electric,Beverly Reinhardt,choo choo,wagon,choo choo,freight,250
73,100,134,blank face,Brett Somers,funny,Robert Q. Lewis,freckle,Joyce Bulifant,baby,Beverly Reinhardt,funny,baby,about,funny,500
73,101,135,blank hunt,Brett Somers,sea,Richard Dawson,man,Bill Daily,treasure,Shirley Kline,treasure,fox,sea,treasure,500
73,102,136,blank pan,Richard Dawson,peter,Bill Daily,dead,Brett Somers,frying,Shirley Kline,peter,dead,frying,peter,500
73,102,137,blank lady,Brett Somers,first,Fannie Flagg,fat,Richard Dawson,shady,Brian Bradford,first,first,pink,my fair,100
73,103,138,snow blank,Fannie Flagg,flake,Richard Dawson,white,Judy Carne,cap,Brian Bradford,white,man,white,ball,250
73,103,139,blank free,Jack Carter,born,Bill Daily,care,Fannie Flagg,home,Brian Bradford,born,home,tax,born,500
73,104,140,mind blank,Richard Dawson,blower,Bill Daily,shattering,Jack Carter,reader,Claudia Ace,reader,bender,over matter,reader,500
73,105,141,secret blank,Bill Daily,service,Brett Somers,agent,Richard Dawson,storm,Olivia Lenkey,storm,love,agent,storm,500
73,106,142,adam blank,Nipsey Russell,and eve,Betty White,12,Richard Dawson,s apple,Olivia Lenkey,12,s apple,12,and eve,250
73,107,143,chuck blank,Brett Somers,steak,Charles Nelson Reilly,connors,Beverly Garland,le the clown,Olivia Lenkey,wagon,connors,berry,wagon,500
73,108,144,sweet blank,Richard Dawson,and sour,Betty White,heart,Nipsey Russell,tooth,Brooke Walker,heart,potato,tooth,heart,500
73,109,145,mad blank,Nipsey Russell,dog,Richard Dawson,money,Betty White,hatter,Sharon Moses,money,man,dog,hatter,0
73,109,146,blank court,Betty White,supreme,Richard Dawson,tennis,Charles Nelson Reilly,traffic,Sharon Moses,tennis,divorce,tennis,supreme,250
73,110,147,knock blank,Nipsey Russell,out,Betty White,on wood,Beverly Garland,knock,Sharon Moses,out,on wood,out,knock,250
73,111,148,honest blank,Brett Somers,injun,Richard Dawson,abe,Charles Nelson Reilly,to goodness,Sharon Moses,abe,injun,john,abe,500
73,111,149,rocky blank,Brett Somers,graziano,Charles Nelson Reilly,mountain,Loretta Swit,road,Sharon Moses,mountain,marciano,mountains,road,250
73,112,150,blank silver,Charles Nelson Reilly,sterling,Richard Dawson,long john,Brett Somers,hi ho,Alan Stoneman,hi ho,quick,hi ho,sterling,250
73,113,151,zero blank,Jack Cassidy,hour,Brett Somers,mostel,Richard Dawson,zero,Alan Stoneman,hour,population growth,mostel,hour,500
73,114,152,blank neck,Jack Cassidy,great,Loretta Swit,turtle,Richard Dawson,pain in the,Alan Stoneman,turtle,red,stiff,turtle,500
73,115,153,common blank,Jack Cassidy,sense,June Lockhart,law,Brett Somers,as pig tracks,Peggy Caseburg,sense,law,cold,sense,500
73,116,154,blank grinder,Charles Nelson Reilly,meat,Richard Dawson,organ,Bert Convy,,Judy Ross,meat,coffee,organ,meat,500
73,116,155,sergeant blank,Charles Nelson Reilly,york,Gail Fisher,bilko,Lee Meriwether,stripes,Judy Ross,york,friday,pepper,york,500
73,117,156,blank pole,Gail Fisher,north,Charles Nelson Reilly,barber,Richard Dawson,totem,Judy Ross,north,bean,north,flag,250
73,118,157,rose blank,Bert Convy,garden,Brett Somers,kennedy,Richard Dawson,marie,Sherry Patterson,marie,marie,bud,garden,100
73,118,158,social blank,Gail Fisher,club,Charles Nelson Reilly,studies,Bert Convy,drinker,Harry Reynolds,disease,worker,studies,security,0
73,119,159,kentucky blank,Brett Somers,derby,Richard Dawson,fried chicken,Lee Meriwether,colonel,Harry Reynolds,fried chicken,colonel,fried chicken,derby,250
74,120,160,blank bond,Bert Convy,james,Brett Somers,war,Charles Nelson Reilly,government,Harry Reynolds,savings,u.s. savings,bail,james,100
74,121,161,blank buck,Richard Dawson,pass the,Charles Nelson Reilly,frank,Brett Somers,old,Dorothy Zinni,pass the,saw,fast,pass the,500
74,122,162,power blank,Brett Somers,house,Charles Nelson Reilly,shortage,Madlyn Rhue,failure,Dorothy Zinni,house,house,failure,mower,100
74,122,163,purple blank,Madlyn Rhue,people eater,Richard Dawson,heart,Charles Nelson Reilly,passion,Candy Carter,people eater,passion,heart,people eater,500
74,123,164,brass blank,Madlyn Rhue,bed,Richard Dawson,band,Brett Somers,candlesticks,Candy Carter,bed,monkey,knuckles,band,0
74,124,165,silent blank,Larry Hovis,butler,Charles Nelson Reilly,night,Richard Dawson,movies,Arlene Besolt,night,partner,alarm,night,500
74,124,166,hang blank,Charles Nelson Reilly,up,Madlyn Rhue,man,Richard Dawson,nail,Arlene Besolt,over,over,ten,up,100
74,125,167,making blank,Brett Somers,out,Richard Dawson,whoopee,Madlyn Rhue,up,Arlene Besolt,love,money,whoopee,love,500
74,126,168,punch blank,Greg Morris,drunk,Richard Dawson,and judy,Fannie Flagg,bowl,Sandy Zipzer,bowl,drunk,and judy,bowl,500
74,126,169,stage blank,Greg Morris,coach,Morey Amsterdam,mother,Fannie Flagg,fright,Marlena Crews,coach,hand,coach,fright,250
74,127,170,blank pop,Richard Dawson,soda,Fannie Flagg,mom and,Morey Amsterdam,lolli,Marlena Crews,soda,snap crackle and,lolli,soda,500
74,128,171,blank doctor,Morey Amsterdam,horse,Greg Morris,medical,Juliet Mills,ship's,Marlena Crews,witch,medical,horse,witch,500
74,129,172,blank bar,Richard Dawson,candy,Fannie Flagg,snack,Greg Morris,wet,Brenda Lee Meriwether,candy,topless,wet,candy,500
74,130,173,blank worth,Brett Somers,wool,Richard Dawson,fort,Juliet Mills,,Brenda Lee Meriwether,money's,fort,wool,money's,500
74,130,174,great blank,Morey Amsterdam,lakes,Brett Somers,neck,Greg Morris,god,Brenda Lee Meriwether,lakes,day,dane,scott,0
74,131,175,blank hop,Richard Dawson,bell,Joe Flynn,lindy,Betty White,hippity,Brenda Lee Meriwether,bell,sock,hippity,bunny,0
74,132,176,blank skate,Betty White,roller,Richard Dawson,ice,Brett Somers,good,Les Videl,ice,cheap,ice,roller,250
74,132,177,sleeping blank,Richard Dawson,beauty,Betty White,bag,Brett Somers,dogs,Les Videl,beauty,pill,bag,beauty,500
74,133,178,grass blank,Richard Dawson,hopper,Betty White,roots,Brett Somers,skirt,Les Videl,hopper,shack,hopper,roots,250
74,134,179,blank tape,Richard Dawson,recording,Betty White,scotch,Brett Somers,red,Les Videl,scotch,watergate,red,scotch,500
74,135,180,ray blank,Richard Dawson,charles,Betty White,of sunshine,Linda Kaye Henning,gun,Ellen Williams,charles,milland,gun,charles,500
74,135,181,wonder blank,Brett Somers,woman,Richard Dawson,bread,Betty White,land,Ellen Williams,land,woman,land,bread,250
74,136,182,elbow blank,Richard Dawson,macaroni,Nipsey Russell,room,William Shatner,grease,Denise Reeves,grease,room,macaroni,grease,500
74,137,183,sand blank,Brett Somers,box,Richard Dawson,bag,Nipsey Russell,wich,Denise Reeves,wich,man,box,castle,0
74,138,184,swedish blank,Anne Meara,massage,Richard Dawson,meatballs,William Shatner,accent,Denise Reeves,meatballs,blonde,massage,meatballs,500
74,139,185,cliff blank,William Shatner,hanger,Ann Elder,arquette,Richard Dawson,robertson,Vicky Baldwin,robertson,dweller,hanger,robertson,500
74,139,186,blank grind,Nipsey Russell,steady,Brett Somers,greasy,Ann Elder,pepper,Vicky Baldwin,steady,daily,bump and,coffee,0
74,140,187,pick blank,Richard Dawson,up,Ann Elder,pocket,Nipsey Russell,wick,Jim Dunn,up,a peck of pickled peppers,pocket,up,500
74,141,188,club blank,Richard Dawson,sandwich,Brett Somers,house,Marcia Wallace,soda,Phyllis McDaniel,house,sandwich,house,soda,250
74,141,189,million dollar blank,Richard Dawson,baby,Charles Nelson Reilly,prize,Orson Bean,,Naigy Johnson,baby,legs,baby,movie,250
74,142,190,blank tell,Charles Nelson Reilly,william,Richard Dawson,show and,Meredith MacRae,kiss and,Sheryl Gibbons,show and,kiss and,show and,william,250
74,143,191,falling blank,Richard Dawson,star,Meredith MacRae,tree,Marcia Wallace,down,Julie Roach,star,rocks,down,star,500
74,144,192,light blank,Richard Dawson,house,Meredith MacRae,bulb,Marcia Wallace,ning,Virginia Shook,bulb,weight,house,bulb,500
74,145,193,blank fly,Brett Somers,house,Richard Dawson,super,Orson Bean,horse,Virginia Shook,super,horse,butter,super,500
74,145,194,blank jack,Charles Nelson Reilly,jumping,Meredith MacRae,black,Richard Dawson,billy,Virginia Shook,black,jumping,billy,black,500
74,146,195,blank horse,Peggy Cass,hot,Richard Dawson,quarter,Larry Hovis,hobby,Jill Ann Fager,race,charley,rocking,race,500
74,147,196,blank raft,Jo Ann Pflug,life,Richard Dawson,george,Brett Somers,,Jill Ann Fager,life,wooden,life,george,250
74,147,197,sub blank,Brett Somers,marine,Jo Ann Pflug,terranean,Larry Hovis,standard,Paul Fisher,marine,total,marine,way,250
74,148,198,square blank,Richard Dawson,dance,Jo Ann Pflug,,Peggy Cass,root,Paul Fisher,dance,deal,root,dance,500
74,149,199,make blank,Jo Ann Pflug,love,Richard Dawson,believe,Rip Taylor,love not war,Paul Fisher,love,love,believe,up,100
74,150,200,blank wolf,Brett Somers,sea,Peggy Cass,big bad,Richard Dawson,were,Paul Fisher,were,peter and the,were,big bad,250
74,151,201,buddy blank,Richard Dawson,hackett,Kaye Stevens,system,Elaine Joyce,boy,Paul Fisher,hackett,boy,ebsen,hackett,500
74,152,202,blank rock,Larry Blyden,little,Charles Nelson Reilly,hard,Richard Dawson,bad day at black,Paul Fisher,hard,solid,plymouth,hard,500
74,153,203,rub blank,Charles Nelson Reilly,a dub,Richard Dawson,down,Larry Blyden,ber,Ronnie Schwartz,down,out,down,a dub dub,250
74,154,204,fifth blank,Charles Nelson Reilly,dimension,Richard Dawson,avenue,Larry Blyden,amendment,Ronnie Schwartz,avenue,amendment,dimension,avenue,500
74,155,205,blank patch,Richard Dawson,eye,Charles Nelson Reilly,dog,Brett Somers,petunia,Gary Craber,eye,strawberry,briar,dog,0
74,157,206,devil's blank,Charles Nelson Reilly,advocate,Kay Ballard,food cake,Richard Dawson,island,Gladys Perry,island,food cake,advocate,island,500
74,157,207,blank squad,Richard Dawson,mod,Kay Ballard,racket,Charles Nelson Reilly,firing,Sue DiBennedetto,mod,firing,vice,mod,500
74,158,208,blank newton,Steve Allen,wayne,Charles Nelson Reilly,fig,Richard Dawson,robert,Valerie Wood,wayne,sir isaac,wayne,fig,250
74,159,209,blank friday,Richard Dawson,good,Steve Allen,man,Fannie Flagg,gal,Valerie Wood,good,girl,sgt. joe,good,500
74,160,210,blank burns,Richard Dawson,george,Kay Ballard,side,Charles Nelson Reilly,powder,Linda Rosenberg,side,sun,side,george,250
74,161,211,turtle blank,Brett Somers,dove,Richard Dawson,neck,Charles Nelson Reilly,soup,Donald Boyt,dove,soup,neck,wax,0
74,161,212,string blank,Brett Somers,orchestra,Richard Dawson,bean,Betty White,along,Donald Boyt,bean,quartet,along,bean,500
74,162,213,shell blank,Mary Ann Mobley,shock,Richard Dawson,game,Orson Bean,fish,Donald Boyt,fish,shock,oil,fish,500
74,163,214,saddle blank,Orson Bean,sore,Richard Dawson,bag,Brett Somers,soap,Donald Boyt,sore,sore,soap,up,100
74,164,215,blank brooks,Orson Bean,babbling,Richard Dawson,foster,Betty White,mel,Margaret Moore,babbling,mel,our miss,babbling,500
74,165,216,blank age,Richard Dawson,old,Charles Nelson Reilly,golden,Betty White,middle,Chris Lyons,old,teen,stone,old,500
74,166,217,blank caesar,Richard Dawson,julius,Dick Gautier,sid,Bert Convy,little,Chris Lyons,julius,little,sid,julius,500
74,167,218,blank thumb,Bert Convy,tom,Dick Gautier,green,Richard Dawson,,Pam Reinhardt,tom,sore,green,tom,500
74,168,219,the last blank,Richard Dawson,supper,Ann Elder,tango in paris,Dick Gautier,mile,Kathleen Ellis,supper,picture show,tango in paris,supper,500
74,168,220,blank high,Richard Dawson,hollywood,Dick Gautier,,Ann Elder,good,Kathleen Ellis,sky,12 o'clock,knee,sky,500
74,169,221,blank farm,Bert Convy,funny,Elaine Joyce,animal,Richard Dawson,rebecca of sunnybrook,Kathleen Ellis,funny,old macdonald's,animal,funny,500
74,170,222,blank mate,Bert Convy,first,Dick Gautier,ship,Brett Somers,soul,Kathleen Ellis,first,paper,play,check,0
74,171,223,blank dozen,Nipsey Russell,dirty,Jo Anne Worley,baker's,Richard Dawson,half,Kathy Coons,dirty,cheaper by the,dirty,baker's,250
74,172,224,blank flag,Nipsey Russell,american,Richard Dawson,grand old,Jo Anne Worley,our,Susan Alch,american,black,fannie,american,500
74,173,225,boston blank,Nipsey Russell,strangler,Richard Dawson,beans,Jo Anne Worley,massachusetts,Susan Alch,strangler,baked beans,tea party,strangler,500
74,173,226,blank ford,Nipsey Russell,henry,Fannie Flagg,model t,Richard Dawson,tennessee ernie,Michael Schmidt,henry,tennessee ernie,glenn,henry,500
74,175,227,head blank,Jo Anne Worley,ache,Richard Dawson,over heels,Fannie Flagg,cold,Michael Schmidt,ache,strong,start,ache,500
74,175,228,blank luck,Fannie Flagg,pot,Brett Somers,lady,Nipsey Russell,lots of,Cindy Delamico,good,pot,lady,good,500
74,176,229,blank bat,Richard Dawson,baseball,Charles Nelson Reilly,old,Bill Cullen,vampire,Lou Mason,ding,blind as a,ding,baseball,250
74,177,230,blank uncle,Richard Dawson,say,Charles Nelson Reilly,dutch,Brett Somers,rich,Debbie King,rich,man from,dutch,monkey's,0
74,178,231,blank blue,Richard Dawson,navy,Brett Somers,true,Betty White,red white and,Debbie King,navy,sky,little boy,true,0
74,179,232,lawrence blank,Richard Dawson,of arabia,Betty White,welk,Charles Nelson Reilly,tibbett,Gail Mason,welk,olivier,of arabia,welk,500
74,179,233,hickory blank,Bill Cullen,stick,Richard Dawson,dickory dock,Betty White,nut,Marjorie Grant,nut,smoked,stick,dickory dock,0
74,180,234,blank cleaver,Richard Dawson,meat,Brett Somers,eldridge,Bill Cullen,,Marjorie Grant,meat,eldridge,beaver,meat,500
74,181,235,ding blank,Richard Dawson,bat,Joyce Bulifant,a ling,Allen Ludden,dong,Marjorie Grant,a ling,bat,a ling,dong,250
74,182,236,chop blank,Allen Ludden,sticks,Richard Dawson,suey,Joyce Bulifant,ped liver,Marjorie Grant,suey,chop,sticks,suey,500
74,183,237,blank arthur,Richard Dawson,king,Allen Ludden,president,Joyce Bulifant,mac,Robin Barrett,king,bea,mac,king,500
74,184,238,blank eye,Brett Somers,black,Richard Dawson,private,Fannie Flagg,buck,Michael Herbs,private,bull's,private,black,250
74,184,239,tip blank,Richard Dawson,toe,Charles Nelson Reilly,top,Allen Ludden,ster,Mary Duncan,toe,off,toe,top,250
74,185,240,blank aid,Joyce Bulifant,first,Fannie Flagg,band,Brett Somers,foreign,Mary Duncan,first,hearing,band,first,500
74,186,241,clark blank,Brett Somers,gable,Charles Nelson Reilly,kent,Jo Anne Worley,bar,Kathy Wardlaw,gable,bar,kent,gable,500
74,187,242,root blank,Jo Anne Worley,beer,Richard Dawson,canal,Orson Bean,64,Kathy Wardlaw,beer,of all evil,canal,beer,500
74,188,243,ginger blank,Richard Dawson,rogers,Brett Somers,bread,Jo Anne Worley,snap,Martha Denning,bread,ale,rogers,bread,500
74,188,244,blank riley,Charles Nelson Reilly,life of,Richard Dawson,charles nelson,Chelsea Brown,o',Martha Denning,charles nelson,o',charles nelson,life of,250
74,189,245,blank knee,Richard Dawson,trick,Brett Somers,wounded,Jo Anne Worley,water on the,Kim Krapowski,wounded,knock,trick,wounded,500
74,190,246,pillow blank,Richard Dawson,fight,Jo Anne Worley,talk,Charles Nelson Reilly,feathers,Jack Houghton,talk,fight,case,talk,500
74,191,247,blank vine,Brett Somers,grape,Richard Dawson,hollywood and,Loretta Swit,clinging,Jack Houghton,grape,hollywood and,clinging,grape,500
74,192,248,electric blank,Brett Somers,chair,Richard Dawson,light,Loretta Swit,light bulb,Jack Houghton,chair,chair,company,light,100
74,193,249,tennessee blank,Richard Dawson,ernie ford,Brett Somers,waltz,Rosey Grier,kid,Jack Houghton,waltz,waltz,williams,ernie ford,100
74,193,250,blank fat,Richard Dawson,baby,Kaye Stevens,,Loretta Swit,chicken,Sharon Lewis,baby,low,baby,chicken,250
74,194,251,mexican blank,Richard Dawson,hat dance,Kaye Stevens,beans,Charles Nelson Reilly,hayride,Sharon Lewis,hat dance,food,hat dance,jumping bean,250
74,195,252,fiddle blank,Charles Nelson Reilly,faddle,Kaye Stevens,player,Richard Dawson,dee dee,Jack Doyle,faddle,sticks,dee dee,faddle,500
74,196,253,kitty blank,Richard Dawson,cat,Jo Ann Pflug,litter,Charles Nelson Reilly,foyle,Donna Linell,cat,litter,hawk,cat,500
74,197,254,blank rose,Richard Dawson,red,Charles Nelson Reilly,second hand,Jo Ann Pflug,irish,Donna Linell,red,second hand,gypsy,red,500
74,198,255,prisoner of blank,Jo Ann Pflug,love,Richard Dawson,zenda,Charles Nelson Reilly,war,Donna Linell,war,zenda,love,war,500
74,198,256,tight blank,Jo Ann Pflug,wad,Richard Dawson,rope,Charles Nelson Reilly,collar,Donna Linell,rope,pants,rope,wad,250
74,199,257,blank bailey,Jo Ann Pflug,pearl,Richard Dawson,bill,Charles Nelson Reilly,ringling bros barnum and,Donna Linell,pearl,beetle,pearl,bill,250
74,200,258,blank freeze,Jo Ann Pflug,deep,Richard Dawson,anti,Charles Nelson Reilly,orange,Mary Strauss,deep,tastee,anti,deep,500
74,200,259,buck blank,Jo Ann Pflug,rogers,Brett Somers,henry,Richard Dawson,jones,Debbie Marialdo,jones,wheat,owens,rogers,0
74,201,260,annie blank,Richard Dawson,oakley,Bobby Van,fanny,Betty White,laurie,Debbie Marialdo,oakley,green springs,get your gun,oakley,500
74,202,261,kick the blank,Richard Dawson,habit,Bobby Van,ball,Charles Nelson Reilly,bucket,Debbie Marialdo,bucket,habit,can,bucket,500
74,203,262,blank springs,Richard Dawson,palm,Bobby Van,hot,Elaine Joyce,bed,Peggy Barfield,palm,bed,hot,palm,500
74,204,263,leap blank,Richard Dawson,year,Brett Somers,frog,Betty White,in' lena,Peggy Barfield,frog,up,year,frog,500
74,204,264,blank place,Brett Somers,your,Charles Nelson Reilly,market,Richard Dawson,peyton,Peggy Barfield,peyton,first,park,peyton,500
74,205,265,blank can,Brett Somers,tin,Bobby Van,garbage,Betty White,can,Peggy Barfield,garbage,trash,tin,can,100
74,206,266,ring around the blank,Richard Dawson,collar,Charles Nelson Reilly,rosey,Brett Somers,moon,Shirley Kilgore,collar,tub,rosey,collar,500
74,207,267,dennis blank,Jack Carter,the menace,Kaye Stevens,james,Richard Dawson,weaver,Shirley Kilgore,weaver,james,weaver,the menace,250
74,207,268,pain blank,Richard Dawson,killer,Trish Stewart,in the neck,Charles Nelson Reilly,pills,Shirley Kilgore,in the neck,pill,killer,in the neck,500
74,209,269,blank mary,Charles Nelson Reilly,virgin,Richard Dawson,bloody,Jack Carter,queen,Shirley Kilgore,queen,virgin,bloody,queen,500
74,209,270,crash blank,Kaye Stevens,diet,Jack Carter,landing,Brett Somers,dive,Shirley Kilgore,landing,landing,helmet,diet,100
74,210,271,casey blank,Richard Dawson,jones,Brett Somers,at the bat,Jack Carter,stengel,C. B. Farnsworth,jones,at the bat,stengel,jones,500
74,211,272,man of blank,Richard Dawson,la mancha,Charles Nelson Reilly,war,Greg Morris,the hour,C. B. Farnsworth,war,the year,war,la mancha,250
74,212,273,judge blank,Richard Dawson,sirica,Brett Somers,roy bean,Charles Nelson Reilly,matt byrne,C. B. Farnsworth,roy bean,and jury,sirica,roy bean,500
74,213,274,open blank,Richard Dawson,sesame,Charles Nelson Reilly,the door richard,Greg Morris,account,Sue Hagie,sesame,sesame,the door,house,100
74,213,275,blank morris,Richard Dawson,philip,Ann Elder,william,Charles Nelson Reilly,greg,Sue Hagie,greg,chester,greg,philip,250
74,215,276,hi blank,Richard Dawson,ho silver,Charles Nelson Reilly,ball,Greg Morris,there,Leigh Moore,ho silver,fi,ho,there,250
74,215,277,cat's blank,Richard Dawson,pajamas,Brett Somers,meow,Greg Morris,paw,Leigh Moore,meow,tail,paw,meow,500
74,217,278,sleepy blank,Fannie Flagg,time gal,Abby Dalton,head,Richard Dawson,hollow,Karen O'Day,head,time gal,head,hollow,250
74,217,279,blank proof,Orson Bean,90,Fannie Flagg,100,Richard Dawson,fool,Karen O'Day,water,water,fool,100,100
74,218,280,blank widow,Richard Dawson,black,Fannie Flagg,merry,Brett Somers,,Karen O'Day,black,grass,merry,black,500
74,219,281,blank helper,Abby Dalton,hamburger,Fannie Flagg,mother's little,Richard Dawson,santa's,Karen O'Day,hamburger,santa's,hamburger,mother's,250
74,220,282,blank bean,Fannie Flagg,green,Richard Dawson,orson,Orson Bean,string,Karen O'Day,string,jumping,jelly,string,500
74,221,283,blank downs,Richard Dawson,hugh,Nipsey Russell,churchill,Jo Anne Worley,ups and,Karen O'Day,hugh,churchill,hugh,sit,250
74,222,284,great white blank,Richard Dawson,hope,Jo Anne Worley,father,Brett Somers,way,Wayne Roundtree,father,father,way,hope,100
74,222,285,huckleberry blank,Jo Anne Worley,finn,Richard Dawson,hound,Charles Nelson Reilly,pie,Wayne Roundtree,finn,pie,hound,finn,500
74,223,286,pink blank,Jo Anne Worley,elephant,Richard Dawson,lady,Brett Somers,roses,Wayne Roundtree,panther,lemonade,lady,panther,500
74,224,287,ronald blank,Richard Dawson,reagan,Jo Anne Worley,mcdonald,Charles Nelson Reilly,coleman,Wayne Roundtree,mcdonald,coleman,mcdonald,reagan,250
74,225,288,end of the blank,Richard Dawson,world,Jo Anne Worley,line,Brett Somers,day,Wayne Roundtree,world,world,line,road,100
74,226,289,polly blank,Richard Dawson,anna,Brett Somers,bergen,Bert Convy,want a cracker,Ginny Barry,want a cracker,anna,bergen,want a cracker,500
74,227,290,blank shark,Richard Dawson,loan,Kaye Stevens,saber tooth,Brett Somers,killer,Ginny Barry,loan,killer,card,loan,500
74,227,291,alley blank,Richard Dawson,oop,Brett Somers,mcgraw,Bert Convy,cat,Gloria Greene,cat,way,oop,cat,500
74,229,292,elliott blank,Kaye Stevens,ness,Charles Nelson Reilly,gould,Brett Somers,nugent,John Cashmaric,gould,roosevelt,ness,gould,500
74,229,293,let it blank,Kaye Stevens,go,Richard Dawson,be,Brett Somers,ride,John Cashmaric,be,go,all hang out,be,500
74,230,294,jay blank,Brett Somers,bird,Richard Dawson,walker,Charles Nelson Reilly,cees,Teresa Nigrette,bird,north,walker,bird,500
74,231,295,bird blank,Richard Dawson,brain,Charles Nelson Reilly,house,Fannie Flagg,bath,Rolanda Lalie,nest,man,of paradise,brain,0
74,232,296,plum blank,Richard Dawson,pudding,Charles Nelson Reilly,pie,Fannie Flagg,crazy,Lee Conan,pudding,crazy,tree,pudding,500
74,233,297,birth blank,Richard Dawson,day,Charles Nelson Reilly,mark,Fannie Flagg,control,Lee Conan,day,place,control,day,500
74,234,298,blank young,Richard Dawson,robert,Fannie Flagg,loretta,Charles Nelson Reilly,forever,Annette Hall,robert,loretta,too,robert,500
74,235,299,henry blank,Richard Dawson,the eighth,Fannie Flagg,ford,Elaine Joyce,hudson,Annette Hall,ford,aaron,kissinger,the eighth,0
74,236,300,honey blank,Charles Nelson Reilly,bee,Richard Dawson,pot,Loretta Swit,bun,Ken Scopp,bee,comb,bun,bee,500
74,237,301,port blank,Richard Dawson,of call,Loretta Swit,,Charles Nelson Reilly,wine,Susie Hoppenthal,of call,hole,of call,wine,250
74,238,302,moonlight blank,Richard Dawson,serenade,Charles Nelson Reilly,sonata,Brett Somers,in vermont,Judy Petty,bay,sonata,bay,serenade,250
74,238,303,time blank,Richard Dawson,table,Brett Somers,bomb,Charles Nelson Reilly,clock,Judy Petty,table,bomb,clock,out,0
74,239,304,snap blank,Richard Dawson,crackle and pop,Joyce Bulifant,dragon,Loretta Swit,judgment,Beth Horning,judgment,shot,dragon,crackle and pop,0
74,240,305,hip blank,Richard Dawson,hip hooray,Loretta Swit,hugger,Brett Somers,pity hop,Beth Horning,hugger,bone,hip hooray,hugger,500
74,241,306,buster blank,Charles Nelson Reilly,brown,Brett Somers,crabbe,Richard Dawson,,Timothy O'Keefe,crabbe,crabbe,keaton,brown,100
74,242,307,t-blank,Don Adams,shirt,Mitzi McCall,pee,Richard Dawson,bone,Sandy Corey,bone,bone steak,bird,shirt,100
74,243,308,canadian blank,Charles Nelson Reilly,national railroad,Don Adams,royal mounted police,Richard Dawson,club,Sandy Corey,club,club,bacon,mounted police,100
74,244,309,blank it off!,Brett Somers,take,Richard Dawson,knock,Don Adams,put,Sandy Corey,take,turn,knock,take,500
74,245,310,blank maniac,Brett Somers,ego,Richard Dawson,sex,Don Adams,nympho,Kendra Plummer,sex,klepto,raving,sex,500
74,246,311,blank stack,Richard Dawson,smoke,Betty White,hay,Morey Amsterdam,,Jack Holder,smoke,smoke,robert,hay,100
74,247,312,blank timer,Morey Amsterdam,two,Betty White,old,Jo Ann Pflug,,Rose Carter,two,two,egg,old,100
74,248,313,run for blank,Richard Dawson,your life,Betty White,the money,George Kirby,good,Ellen Loretta,your life,cover,the money,your life,500
74,249,314,outer blank,Richard Dawson,limits,Betty White,space,George Kirby,office,Ellen Loretta,space,mongolia,limits,space,500
74,249,315,steve blank,Betty White,mcqueen,Richard Dawson,allen,Jo Ann Pflug,cochran,Ellen Loretta,mcqueen,lawrence,mcqueen,allen,250
74,251,316,inner blank,Richard Dawson,sanctum,Charles Nelson Reilly,tube,Scoey Mitchell,circle,Carlotta Nelson,sanctum,tube,space,sanctum,500
74,251,317,hold your blank,Richard Dawson,tongue,Charles Nelson Reilly,breath,Scoey Mitchell,horses,Carlotta Nelson,horses,own,tongue,horses,500
74,252,318,brand blank,Richard Dawson,x,Charles Nelson Reilly,y,Scoey Mitchell,name,Carlotta Nelson,name,x,name,new,250
74,253,319,blank crab,Richard Dawson,cracked,Charles Nelson Reilly,long island,Scoey Mitchell,old,Carlotta Nelson,sand,buster,you old,king,0
74,254,320,blank henry,Richard Dawson,oh,Charles Nelson Reilly,king,Brett Somers,buck,Susan Warren,oh,patrick,john,oh,500
74,255,321,blank hopper,Richard Dawson,grass,Marcia Wallace,,Charles Nelson Reilly,dennis,Barbara Jenkins,grass,hippity,hedda,grass,500
74,256,322,latin blank,Charles Nelson Reilly,lover,Richard Dawson,music,Ann Elder,class,Paul Rodkin,lover,quarter,america,lover,500
74,257,323,fig blank,Richard Dawson,leaf,Brett Somers,newton,McLean Stevenson,bar,Lui Ping Canol,leaf,tree,newton,leaf,500
74,258,324,blank jane,McLean Stevenson,mary,Richard Dawson,calamity,Charles Nelson Reilly,"me tarzan, you",Evelyn Gibson,calamity,calamity,baby,plain,100
74,259,325,blank rod,Richard Dawson,hot,Charles Nelson Reilly,curtain,Ann Elder,fishing,Carol Ware,hot,lightning,fishing,hot,500
74,259,326,day of the blank,Charles Nelson Reilly,jackal,Ann Elder,dolphin,Richard Dawson,week,Carol Ware,jackal,week,dolphin,jackal,500
74,260,327,blank blade,Joanie Sommers,razor,Charles Nelson Reilly,gay,McLean Stevenson,sharp,Carol Ware,razor,gay,switch,razor,500
74,261,328,blank richard,Richard Dawson,poor,Charles Nelson Reilly,king,Fannie Flagg,open the door,Carol Ware,little,poor,king,little,500
74,262,329,strip blank,Kaye Stevens,tease,Richard Dawson,lighting,Charles Nelson Reilly,poker,Carol Ware,poker,joint,poker,tease,250
74,262,330,blank talk,Richard Dawson,baby,Kaye Stevens,pillow,Charles Nelson Reilly,girl,Dorothy Dorn,baby,back,small,pillow,0
74,263,331,martha blank,Fannie Flagg,mitchell,Richard Dawson,s vineyard,Kaye Stevens,raye,Dorothy Dorn,raye,mitchell,raye,washington,250
74,265,332,bay blank,Charles Nelson Reilly,of pigs,Richard Dawson,window,Brett Somers,scallops,Dorothy Dorn,of pigs,leaf,window,of pigs,500
74,265,333,anthony blank,Charles Nelson Reilly,quinn,Richard Dawson,newley,Fannie Flagg,adverse,Marcia Salsito,quinn,newley,and cleopatra,quinn,500
74,266,334,daniel blank,Richard Dawson,boone,Charles Nelson Reilly,webster,Jo Anne Worley,and the lions' den,Brad Alexander,boone,and the lions' den,webster,boone,500
74,267,335,blank goose,Richard Dawson,mother,Jo Anne Worley,christmas,Juliet Mills,granny,Brad Alexander,mother,cooked,granny,mother,500
74,268,336,mason blank,Richard Dawson,jar,Jo Anne Worley,williams,Brett Somers,dixon line,Dee Davenport,jar,reese,jar,dixon line,250
74,268,337,mother of blank,Richard Dawson,pearl,Brett Somers,the bride,Juliet Mills,god,Dee Davenport,pearl,mine,invention,pearl,500
74,269,338,blank and water,Richard Dawson,soap,Brett Somers,oil,Jo Anne Worley,bread,Dee Davenport,bread,scotch,soap,bread,500
74,270,339,bella blank,Richard Dawson,lugosi,Jo Anne Worley,darby,Charles Nelson Reilly,donna,Dee Davenport,lugosi,abzug,donna,lugosi,500
74,271,340,blank limits,Charles Nelson Reilly,off,Richard Dawson,outer,Orson Bean,city,Terry Montgomery,outer,off,city,outer,500
74,272,341,blank in paris,Joyce Brothers,springtime,Richard Dawson,american,Betty White,evening,Jan Shaw,evening,last tango,evening,april,250
74,273,342,slap blank,Orson Bean,happy,Brett Somers,dash,Charles Nelson Reilly,stick,Jan Shaw,stick,jack,happy,stick,500
74,274,343,take it blank,Richard Dawson,off,Charles Nelson Reilly,or leave it,Orson Bean,easy,Chuck Dorin,off,off,easy,or leave it,100
74,274,344,the three blank,Betty White,musketeers,Richard Dawson,bears,Charles Nelson Reilly,little pigs,Janet Finn,musketeers,little pigs,stooges,musketeers,500
74,275,345,shuffle blank,Betty White,board,Richard Dawson,off to buffalo,Charles Nelson Reilly,the deck,Janet Finn,board,the cards,off to buffalo,board,500
74,276,346,be my blank,Richard Dawson,valentine,Charles Nelson Reilly,love,Brett Somers,own,Janet Finn,valentine,love,guest,valentine,500
74,277,347,hope blank,Richard Dawson,chest,Charles Nelson Reilly,lange,Brett Somers,ful,Janet Finn,chest,faith and charity,chest,lange,250
74,278,348,mountain blank,Richard Dawson,climber,Charles Nelson Reilly,greenery,Brett Somers,top,Janet Finn,dew,goat,dew,top,250
74,279,349,blank and johnson,Richard Dawson,masters,Charles Nelson Reilly,johnson,Brett Somers,olsen,Janet Finn,masters,olsen,masters,johnson,250
74,280,350,zip blank,Richard Dawson,per,Charles Nelson Reilly,code,Brett Somers,gun,Janet Finn,code,zap,a dee do da,code,500
74,281,351,bing blank,Richard Dawson,crosby,Charles Nelson Reilly,cherry,Joyce Bulifant,o,Sylvana Caballero,crosby,o,cherry,crosby,500
74,283,352,walk the blank,Richard Dawson,plank,Charles Nelson Reilly,dog,Brett Somers,tightrope,Sylvana Caballero,dog,straight and narrow,plank,line,0
74,283,353,blank bench,Richard Dawson,johnny,Charles Nelson Reilly,park,Charlie Brill,wet painted,Sylvana Caballero,johnny,work,johnny,park,250
74,284,354,split blank,Richard Dawson,second,Charles Nelson Reilly,personality,Brett Somers,pea soup,Darcy Bell,second,personality,pea,second,500
74,285,355,sandy blank,Richard Dawson,duncan,Charles Nelson Reilly,dennis,Brett Somers,koufax,Darcy Bell,duncan,koufax,beach,duncan,500
74,286,356,beat the blank,Richard Dawson,clock,Fannie Flagg,band,Charles Nelson Reilly,drum,Darcy Bell,clock,band,traffic,clock,500
74,288,357,blank ho,Fannie Flagg,ho,Richard Dawson,tally,Charles Nelson Reilly,hi,Rosemary Reed,hi,don,ho ho,hi,500
74,289,358,ben blank,Charles Nelson Reilly,casey,Richard Dawson,franklin,Fannie Flagg,hur,Bob Herman,hur,franklin,hur,casey,250
74,290,359,rat blank,Richard Dawson,fink,Brett Somers,pack,Charles Nelson Reilly,poison,Maureen Ballas,fink,trap,race,fink,500
74,290,360,cut the blank,Richard Dawson,cake,Fannie Flagg,mustard,Brett Somers,cord,Maureen Ballas,mustard,ribbon,cake,mustard,500
74,291,361,blank angels,Kaye Stevens,hell's,Richard Long,arch,Richard Dawson,fallen,Chuck White,hell's,blue,california,hell's,500
74,292,362,it's a blank,Jo Ann Pflug,boy,Richard Dawson,wonderful life,Charles Nelson Reilly,deal,Kathy Graff,boy,"mad, mad world",deal,boy,500
74,293,363,see blank,Jo Ann Pflug,saw,Richard Dawson,you later,Kaye Stevens,america first,Kathy Graff,saw,through,you later,saw,500
74,293,364,maxwell blank,Jo Ann Pflug,house,Charles Nelson Reilly,smart,Kaye Stevens,s plum,Kathy Graff,house,anderson,smart,house,500
74,294,365,blow your blank,Jo Ann Pflug,nose,Kaye Stevens,horn,Richard Dawson,whistle,Kathy Graff,nose,mind,nose,horn,250
74,295,366,fruit blank,Brett Somers,cake,Charles Nelson Reilly,of the loom,Jo Ann Pflug,cup,Dick Harper,cake,salad,of the loom,cake,500
74,296,367,hush blank,Richard Dawson,puppies,Jo Anne Worley,up,Charles Nelson Reilly,a bye,Dick Harper,puppies,hush sweet charlotte,up,puppy,500
74,297,368,lover's blank,Richard Dawson,lane,Jo Anne Worley,quarrel,Nipsey Russell,leap,Dick Harper,lane,leap,quarrel,lane,500
74,297,369,blank stick,Richard Dawson,walking,Charles Nelson Reilly,night,Brett Somers,hockey,Dick Harper,walking,lip,peppermint,pogo,0
74,298,370,tiger blank,Jo Anne Worley,s milk,Richard Dawson,lily,Charles Nelson Reilly,rag,Carol Meloy,lily,in your tank,rag,lily,500
74,299,371,ali blank,Richard Dawson,baba,Brett Somers,macgraw,Jo Anne Worley,oop,Rebecca Sightland,macgraw,kahn,macgraw,baba,250
74,299,372,stuffed blank,Richard Dawson,cabbage,Jo Anne Worley,shirt,Brett Somers,pork chops,Nancy Hollingsworth,cabbage,peppers,turkey,shirt,0
74,300,373,break the blank,Richard Dawson,bank,Charles Nelson Reilly,tie,Brett Somers,record,Phil Parell,bank,habit,ice,bank,500
74,301,374,singing blank,Richard Dawson,in the rain,Charles Nelson Reilly,sinners,Brett Somers,lesson,Phil Parell,in the rain,the blues,in the rain,nun,250
74,302,375,blank bones,Charles Nelson Reilly,mr,Robert Morse,chicken,Richard Dawson,dry,Phil Parell,lazy,broken,dry,lazy,500
74,303,376,earth blank,Richard Dawson,quake,Adrienne Barbeau,worm,Brett Somers,mother,Phil Parell,quake,angel,worm,quake,500
74,304,377,shake blank,Richard Dawson,and bake,Brett Somers,a leg,Fannie Flagg,rattle and roll,Phil Parell,and bake,and bake,well,rattle and roll,100
74,305,378,ladies blank,Robert Morse,room,Charles Nelson Reilly,man,Richard Dawson,and gentlemen,Darlene Pancheck,room,first,and gentlemen,room,500
74,306,379,head of blank,Richard Dawson,lettuce,Betty White,the family,Charles Nelson Reilly,state,Joanne Vedder,the family,lettuce,the class,the house,0
74,306,380,lone blank,Richard Dawson,ranger,Betty White,wolf,Charles Nelson Reilly,shark,Joanne Vedder,ranger,wolf,star state,ranger,500
74,307,381,alexander blank,Richard Dawson,graham bell,Charles Nelson Reilly,the great,Betty White,s ragtime band,Kerry Newlin,graham bell,hamilton,graham bell,the great,250
74,308,382,pearly blank,Richard Dawson,gates,Charles Nelson Reilly,mae,Brett Somers,white,Kerry Newlin,gates,white,mae,gates,500
74,309,383,el blank,Richard Dawson,toro,Charles Nelson Reilly,camino,Brett Somers,capitan,Kerry Newlin,toro,dorado,toro,cid,250
74,310,384,blank girl,Richard Dawson,cover,Charles Nelson Reilly,georgy,Brett Somers,funny,Kerry Newlin,funny,pretty,funny,that,250
74,314,386,tooth blank,Richard Dawson,paste,Brett Somers,ache,Gary Burghoff,fairy,Linda Epstein,ache,fairy,paste,ache,500
74,315,387,blank shepherd,Richard Dawson,alan,Gary Burghoff,german,Brett Somers,good,Linda Epstein,german,alan,good,german,500
74,315,388,willie blank,Richard Dawson,mays,Gary Burghoff,,Brett Somers,wonka,Linda Epstein,mays,shoemaker,wonka,mays,500
74,316,389,blank rib,Nipsey Russell,adam's,Richard Dawson,spare,Mitzi McCall,barbecued,Linda Epstein,spare,prime,spare,adam's,250
74,317,390,knee blank,Richard Deacon,cap,Richard Dawson,ling,Brett Somers,length,Sherry Hartman,cap,socks,bend,cap,500
74,318,391,max blank,Richard Dawson,well smart,Nipsey Russell,baer jr,Brett Somers,factor,Toni Singman,factor,pax,baer,factor,500
74,318,392,mouth blank,Nipsey Russell,wash,Richard Dawson,piece,Brett Somers,,Janice Larry,wash,piece,to mouth,wash,500
74,319,393,boot blank,Richard Dawson,hill,Nipsey Russell,black,Brett Somers,camp,Janice Larry,hill,camp,hill,legger,250
74,320,394,blank nun,Richard Dawson,flying,Brett Somers,singing,Mitzi McCall,blue,Sarah Lopez,flying,singing,blue,flying,500
74,321,395,blank pipe,Richard Dawson,peace,Charles Nelson Reilly,steam,Brett Somers,iron,Sarah Lopez,peace,drain,peace,water,250
74,322,396,blank fry,Richard Dawson,small,Charles Nelson Reilly,french,Kaye Stevens,super,Sarah Lopez,french,small,french,fish,250
74,322,397,blank andy,Richard Dawson,captain,Kaye Stevens,raggedy,Charles Nelson Reilly,amos 'n',Sarah Lopez,amos 'n',raggedy,handy,amos and,250
74,323,398,blank times,Jimmie Walker,good,Richard Dawson,hard,Charles Nelson Reilly,the new york,Sarah Lopez,good,hard,l.a.,good,500
74,326,400,blank mitchell,Richard Dawson,john,Michele Lee,guy,Charles Nelson Reilly,martha,John Riesling,martha,joni,john,martha,500
74,327,401,blank blanket,Michele Lee,baby,Richard Dawson,security,Betty White,wet,Barbara Barnholtz,security,security,wet,electric,100
74,328,402,betty blank,Betty White,ford,Richard Dawson,white,Brett Somers,davis,Edith Noble,crocker,davis,boop,white,0
74,329,403,blank piper,Richard Dawson,pied,Brett Somers,sand,Charles Nelson Reilly,,Edith Noble,pied,sand,peter,pied,500
74,330,404,blank sin,Richard Dawson,my,Charles Nelson Reilly,mortal,Brett Somers,deadly,Edith Noble,mortal,living in,mortal,my,250
74,331,405,mack blank,Fannie Flagg,the knife,Gary Burghoff,stevenson,Joyce Bulifant,intosh,Alicia Howard,the knife,davis,truck,the knife,500
74,332,406,what's blank,Fannie Flagg,up doc,Richard Dawson,new,Brett Somers,happening,Alicia Howard,up doc,up doc,new,my line,100
74,332,407,model blank,Fannie Flagg,t ford,Gary Burghoff,a,Joyce Bulifant,ing clay,Alicia Howard,airplane,home,airplane,t,250
74,333,408,blank beard,Richard Dawson,blue,Fannie Flagg,black,Gary Burghoff,,Lola Culver,blue,red,black,blue,500
74,334,409,point blank,Richard Dawson,blank,Fannie Flagg,,Joyce Bulifant,of fact,Lola Culver,blank,of no return,after,blank,500
74,335,410,blank johnson,Richard Dawson,president,Gary Burghoff,jeremiah,Brett Somers,lady bird,Mary Baca,jeremiah,johnson and,van,lyndon b.,0
74,336,411,raise the blank,Richard Dawson,flag,Charlie Brill,roof,Jo Ann Pflug,,Gerri Chiovetta,roof,shade,roof,flag,250
74,337,412,fortune blank,Richard Dawson,cookie,Brett Somers,hunter,Charlie Brill,teller,Major Goulsby,cookie,hunter,cookie,teller,250
74,338,413,blank jacket,Charlie Brill,straight,Brett Somers,life,Jo Ann Pflug,sport,Major Goulsby,straight,life,yellow,straight,500
74,339,414,blank climber,Charlie Brill,mountain,Jo Ann Pflug,social,Brett Somers,,Major Goulsby,mountain,tree,social,mountain,500
74,340,415,blank blank,Charlie Brill,mel,Brett Somers,blankety,Jo Ann Pflug,point,Susan Gaye,blankety,point,fill in the,blankety,500
74,341,416,button blank,Richard Dawson,hole,Elaine Joyce,s and bows,Brett Somers,hook,Susan Gaye,hole,"button, who has the button",up,hole,500
74,342,417,bo blank,Allen Ludden,peep,Brett Somers,jangles,Richard Dawson,,Susan Gaye,peep,jangles,diddley,peep,500
74,343,418,walking blank,Richard Dawson,tall,Allen Ludden,dead,Fannie Flagg,stick,Adrienne Hahn,tall,my baby back home,stick,tall,500
74,344,419,hoot blank,Fannie Flagg,enanny,Richard Dawson,owl,Brett Somers,gibson,Adrienne Hahn,enanny,and holler,enanny,owl,250
74,345,420,blank bunny,Richard Dawson,bugs,Allen Ludden,playboy,Elaine Joyce,honey,Pat Pollard,bugs,playboy,easter,bugs,500
74,346,421,crystal blank,Amanda Blake,ball,Richard Dawson,chandelier,Brett Somers,set,Pat Pollard,ball,chandelier,clear,ball,500
74,347,422,down the blank,Richard Dawson,hatch,Brett Somers,drain,Gary Burghoff,road,Maureen Thompson,hatch,drain,hatch,road,250
74,348,423,moving blank,Richard Dawson,violation,Amanda Blake,van,Brett Somers,target,Lisa Puglisi,van,target,on,van,500
74,349,424,i've got blank,Richard Dawson,a secret,Joyce Bulifant,rhythm,Gary Burghoff,my love to keep me warm,Pete Conjois,a secret,you,rhythm,a secret,500
74,350,425,the old blank,Richard Dawson,oak tree,Amanda Blake,oaken bucket,Brett Somers,timer,Juanita Davis,oak tree,lady that lived in a shoe,man and the sea,grey mare,0
74,351,426,blank beauty,Richard Dawson,sleeping,Betty White,black,Brett Somers,bathing,Juanita Davis,sleeping,raving,sleeping,black,250
74,352,427,bermuda blank,Richard Dawson,shorts,Betty White,island,Jack Carter,vacation,Marthermarie Pate,shorts,grass,onion,shorts,500
74,353,428,rabbit blank,Richard Dawson,hutch,Brett Somers,test,Betty White,foot,Marthermarie Pate,foot,hutch,stew,foot,500
74,354,429,blank plumber,Richard Dawson,josephine the,Betty White,white house,Jack Carter,gas,Bob Markland,josephine the,christopher,josephine the,liquid,250
74,355,430,smith blank,Betty White,brothers,Richard Dawson,and wesson,Brett Somers,college,Bob Markland,brothers,and wesson,and jones,brothers,500
74,356,431,philadelphia blank,Richard Dawson,cheese,Bobby Van,story,Gary Burghoff,,Bob Markland,eagles,story,pa,cream cheese,0
74,357,432,blank gang,Richard Dawson,our,Adrienne Barbeau,street,Bobby Van,chain,Karen Robbins,our,street,chain,our,500
74,358,433,blank opera,Richard Dawson,soap,Adrienne Barbeau,a night at the,Bobby Van,metropolitan,Fred Mills,soap,grand,phantom of the,soap,500
74,358,434,blank david,Richard Dawson,king,Fannie Flagg,mogen,Brett Somers,camp,Fred Mills,king,king,little,mogen,100
74,359,435,blank bow,Richard Dawson,clara,Fannie Flagg,rain,Adrienne Barbeau,hair,Fred Mills,rain,clara,cross,rain,500
74,360,436,bud blank,Fannie Flagg,vase,Richard Dawson,weiser,Bobby Van,abbott,Fred Mills,weiser,vase,abbott,weiser,500
74,361,437,blank stone,Richard Dawson,blarney,Phyllis Newman,gem,Avery Schreiber,birth,Carol Holmes,rolling,tomb,birth,rolling,500
74,362,438,blank x,Richard Dawson,brand,Gary Burghoff,mister,Patti Deutsch,malcolm,Carol Holmes,brand,malcolm,rated,madame,0
74,363,439,morning blank,Avery Schreiber,after,Patti Deutsch,sickness,Richard Dawson,glory,Gloria Mason,glory,sickness,glory,after,250
74,364,440,rain blank,Avery Schreiber,drop,Brett Somers,bow,Patti Deutsch,coat,Gloria Mason,bow,rain go away,or shine,drops,0
74,364,441,blank the greek,Richard Dawson,zorba,Phyllis Newman,nick,Avery Schreiber,behold,Larry Presley,zorba,nick,jimmy,zorba,500
74,365,442,chief blank,Richard Dawson,sitting bull,Phyllis Newman,asset,Avery Schreiber,complaint,Larry Presley,crazy horse,of police,ironside,sitting bull,0
74,366,443,rag blank,Richard Dawson,doll,Juliet Mills,time,Betty White,mop,Andrea Goldstein,doll,bag,time,doll,500
74,367,444,goodnight blank,Richard Dawson,irene,Betty White,sweetheart,Nipsey Russell,my love,Andrea Goldstein,irene,irene,kiss,sweetheart,100
74,368,445,blank breaker,Richard Dawson,heart,Betty White,ice,Nipsey Russell,tie,Thomas Winters,heart,heart,wind,jaw,100
75,369,446,patent blank,Richard Dawson,leather shoes,Betty White,pending,Nipsey Russell,medicine,Carol Copland,pending,medicine,pending,leather,250
75,370,447,wake blank,Richard Dawson,up,James Darren,island,Brett Somers,of the red witch,Shirley Gaynor,up,me when it's over,island,up,500
75,371,448,a pack of blank,Richard Dawson,lies,Brett Somers,cigarettes,Gary Burghoff,gum,Shirley Gaynor,cigarettes,lies,wolves,cigarettes,500
75,372,449,sixteen blank,Richard Dawson,tons,Mitzi McCall,years old,Brett Somers,trombones,Betty Kobata,tons,going on seventeen,candles,tons,500
75,373,450,sorry blank,Robert Vaughn,wrong number,Richard Dawson,about that,Gary Burghoff,face,Carolita Fraley,wrong number,sight,charlie,wrong number,500
75,374,451,bow blank,Gary Burghoff,and arrow,Brett Somers,tie,Richard Dawson,inkle,John Murdoch,tie,wow,and arrow,tie,500
75,375,452,patty blank,Richard Dawson,hearst,Mitzi McCall,duke,Patty Duke Astin,cake,Sheila Stevens,cake,melt,duke,cake,500
75,375,453,naked blank,Richard Dawson,ape,Patty Duke Astin,baby,Brett Somers,lady,Melvinie Johnson,lady,ape,city,lady,500
75,376,454,harry blank,Brett Somers,truman,Gary Burghoff,and tonto,Richard Dawson,o,Dennis Pappas,o,belafonte,truman,o,500
75,377,455,lock blank,Brett Somers,up,Gary Burghoff,ness,Richard Dawson,and key,Dennis Pappas,and key,jaw,and key,smith,250
75,378,456,fanny blank,Joyce Bulifant,flagg,Fannie Flagg,foxe,Richard Dawson,hill,Marcia Kaufman,flagg,brice,hill,flagg,500
75,379,457,betsy blank,Joyce Bulifant,ross,Richard Dawson,palmer,Gary Burghoff,blair,Marcia Kaufman,ross,wetsy,palmer,ross,500
75,380,458,vienna blank,Joyce Bulifant,waltz,Richard Dawson,sausage,Fannie Flagg,music,Marcia Kaufman,sausage,austria,waltz,sausage,500
75,381,459,maid blank,Betty White,of honor,Richard Dawson,marian,Mary Ann Mobley,in japan,Terri Ferreri,of honor,service,marian,of honor,500
75,381,460,nobody's blank,Bert Convy,perfect,Brett Somers,sweetheart,Richard Dawson,business,Terri Ferreri,business,perfect,business,fool,250
75,382,461,blank clean,Betty White,mr.,Richard Dawson,picked,Gary Burghoff,very,Terri Ferreri,mr.,squeaky,dry,mr.,500
75,383,462,blank puff,Richard Dawson,powder,Bert Convy,huff and,Betty White,cream,Terri Ferreri,cream,cream,huff and,powder,100
75,384,463,blank collar,Bert Convy,dog,Richard Dawson,ring around the,Betty White,flea,Dolly Pressler,ring around the,dog,white,ring around the,500
75,385,464,onion blank,Richard Dawson,peel,Mary Ann Mobley,ring,Gary Burghoff,dip,Dolly Pressler,ring,head,soup,rings,500
75,386,465,blank home,Carol Lawrence,home sweet,Richard Dawson,old folks,Marcia Wallace,country,Bob Schaffer,old folks,old folks,mobile,home sweet,100
75,387,466,blank luke,Richard Dawson,cool hand,Carol Lawrence,saint,Marcia Wallace,,Bob Schaffer,cool hand,keye,saint,cool hand,500
75,387,467,keep your blank,Richard Dawson,mouth shut,Brett Somers,hat on,Carol Lawrence,powder dry,Toni Clinnard,mouth shut,mouth shut,hands off,cool,100
75,388,468,blank eden,Richard Dawson,the garden of,Dwayne Hickman,barbara,Marcia Wallace,east of,Enid Lays,garden of,east of,barbara,garden of,500
75,389,469,diamond blank,Dwayne Hickman,jim,Gary Burghoff,ring,Richard Dawson,head,Enid Lays,ring,head,jim,ring,500
75,390,470,young blank,Richard Dawson,at heart,Dwayne Hickman,blood,Gary Burghoff,and foolish,Jim Lawrence,at heart,and restless,at heart,love,250
75,390,471,valley blank,Richard Dawson,forge,Carol Lawrence,of the dolls,Brett Somers,of the jolly green giant,Jim Lawrence,of the dolls,of the jolly green giant,forge,of the dolls,500
75,390,472,blank away,Richard Dawson,anchors,Brett Somers,stay,Gary Burghoff,"far, far",Janet Ryan,go,anchors,get,"up, up and",0
75,392,473,blank sing,Patti Deutsch,sing,Trish Stewart,gin,Richard Dawson,stand up and,Janet Ryan,sing,of thee i,community,sing,500
75,393,474,blank cabin,Richard Dawson,log,Gary Burghoff,captain's,Brett Somers,ship's,Janet Ryan,log,mountain,uncle tom's,log,500
75,394,475,blank blonde,Richard Dawson,dumb,Patti Deutsch,bleach,Trish Stewart,platinum,Sally Brooks,dumb,bleached,dumb,platinum,250
75,395,476,two for blank,Richard Dawson,tea,Trish Stewart,the seesaw,Patti Deutsch,the show,Sally Brooks,tea,one,the money,tea,500
75,396,477,crushed blank,Richard Dawson,ice,Fannie Flagg,velvet,Clifton Davis,grapes,Mary King,ice,pineapple,velvet,ice,500
75,397,478,mount blank,Richard Dawson,everest,Fannie Flagg,olympus,Brett Somers,shasta,Mary King,everest,sinai,everest,rushmore,250
75,398,479,blank to you,Richard Dawson,the same,Clifton Davis,nuts,Fannie Flagg,happy birthday,Perry Jones,nuts,same,nuts,happy birthday,250
75,398,480,blank lane,Fannie Flagg,frankie,Richard Dawson,lois,Jo Ann Pflug,lover's,Judy Jennings,lover's,memory,abbe,lover's,500
75,399,481,francis blank,Clifton Davis,scott key,Fannie Flagg,the mule,Gary Burghoff,of assisi,Judy Jennings,the mule,drake,scott key,the talking mule,500
75,400,482,tropical blank,Jo Ann Pflug,island,Fannie Flagg,fish,Richard Dawson,weather,Judy Jennings,fish,storm,island,fish,500
75,401,483,masked blank,Richard Dawson,man,Betty White,marvel,Shecky Greene,rider,Pat Shrout,man,man,marvel,bandit,100
75,402,484,blank wick,Richard Dawson,pick,Betty White,candle,Gary Burghoff,air,Pat Shrout,candle,pick,air,candle,500
75,403,485,ship blank,Betty White,ahoy,Richard Dawson,wreck,Elaine Joyce,shape,Pat Shrout,wreck,shape,wreck,ahoy,250
75,404,486,blank lightning,Richard Dawson,white,Betty White,streak,Elaine Joyce,thunder and,Terry Cluck,white,greased,white,thunder and,250
75,405,487,blank do it,Shecky Greene,birds,Betty White,let's,Richard Dawson,don't,Philip Harper,let's,birds,don't,let's,500
75,405,488,blank pack,Richard Dawson,cigarette,Elaine Joyce,six,Shecky Greene,rat,Anita Valenzuela,six,rat,six,back,250
75,406,489,brief blank,Richard Dawson,case,Bob Barker,pause,Rona Barrett,encounter,Sherry Davis,case,moment,case,encounter,250
75,407,490,beat blank,Rona Barrett,up,Gary Burghoff,the clock,Fannie Flagg,the drum,Shirley Yearey,the clock,the heat,nik,the clock,500
75,408,491,blank fingers,Richard Dawson,butter,Fannie Flagg,sticky,Gary Burghoff,lady,Shirley Yearey,butter,sticky,lady,butter,500
75,409,492,crazy blank,Richard Dawson,horse,Rona Barrett,legs,Brett Somers,joe,Nana Sandler,legs,cat,legs,horse,250
75,410,493,blank cash,Richard Dawson,johnny,Fannie Flagg,hard,Rona Barrett,hot,Don Silliphant,johnny,petty,cold,johnny,500
75,411,494,blank march,Richard Dawson,fredric,Joyce Bulifant,the ides of,Jimmie Walker,month of,Don Silliphant,fredric,forward,ides of,wedding,0
75,412,495,the naked blank,Gary Burghoff,ape,Brett Somers,and the dead,Richard Dawson,runner,Don Silliphant,ape,truth,city,ape,500
75,412,496,blank england,Richard Dawson,merrie olde,Gary Burghoff,new,Joyce Bulifant,london,Don Silliphant,new,merrie olde,new,london,250
75,414,497,the king blank,Richard Dawson,and i,Lee Meriwether,pin,Joyce Bulifant,is coming,Alita Lee,and i,of spades,pin,and i,500
75,415,498,blank maker,Richard Dawson,match,Lee Meriwether,little old wine,Joyce Bulifant,dress,Alita Lee,match,home,rain,match,500
75,416,499,blank robinson,Richard Dawson,sugar ray,Marcia Wallace,mrs.,Patti Deutsch,swiss family,John Levinson,mrs.,smokey,swiss family,jackie,0
75,417,500,aqua blank,Richard Dawson,velva,Patti Deutsch,cade,Gary Burghoff,lung,Sue Hooker,lung,lung,marine,velva,100
75,418,501,murder blank,Richard Dawson,incorporated,Leslie Nielsen,she said,Gary Burghoff,he said,Terri Sonleitner,incorporated,weapon,one,inc.,500
75,419,502,triple blank,Gary Burghoff,play,Brett Somers,threat,Richard Dawson,decker,Suzanne Gormley,play,threat,play,decker,250
75,420,503,blank sickness,Richard Dawson,sea,Gary Burghoff,morning,Brett Somers,air,Suzanne Gormley,morning,sleeping,sea,morning,500
75,420,504,the blank book,Richard Dawson,good,Gary Burghoff,number one selling,Leslie Nielsen,cook,Mya Lake,good,cook,telephone,good,500
75,421,505,cincinnati blank,Richard Dawson,kid,Tom Bosley,ohio,Meredith MacRae,reds,Louise Miller,kid,kid,ohio,reds,100
75,422,506,blank lace,Richard Dawson,arsenic and old,Meredith MacRae,old-fashioned,Fannie Flagg,irish,Louise Miller,chantilly,black,shoe,arsenic and old,0
75,423,507,fay blank,Richard Dawson,wray,Tom Bosley,dunaway,Fannie Flagg,emerson,Louise Miller,dunaway,emerson,wray,dunaway,500
75,424,508,blank chute,Richard Dawson,para,Tom Bosley,laundry,Meredith MacRae,coal,Louise Miller,para,coal,laundry,para,500
75,425,509,blank twins,Richard Dawson,siamese,Fannie Flagg,identical,Gary Burghoff,bobbsey,Louise Miller,siamese,bobbsey,identical,siamese,500
