Season,Episode,Game,Contestant ID,Question,First Panelist Chosen,First Panelist Answer,Second Panelist Chosen,Second Panelist Answer,Third Panelist Chosen,Third Panelist Answer,Contestant Answer,Contestant Earnings,$100 Answer,$250 Answer,$500 Answer,Notes
73,1,1,1,blank bridge,1,golden gate,5,london,6,george washington,golden gate,250,brooklyn,golden gate,london,
73,2,2,1,odd blank,4,couple,6,ball,2,or even,ball,250,fellow,ball,couple,
73,2,3,1,water blank,4,fall,5,bed,6,gate,bed,250,falls,bed,gate,
73,3,4,1,watch your blank,1,step,6,weight,4,wallet,step,500,language,weight,step,
73,3,5,1,blank belly,4,jelly,1,yellow,3,fat,yellow,0,pot,beer,jelly,
73,4,6,7,prince blank,4,philip,5,charming,6,charles,charming,500,albert,valiant,charming,
73,4,7,7,chicken blank,3,livers,2,soup,5,little,delight,100,delight,,,
73,5,8,7,william blank,3,tell,1,shakespeare,4,windom,tell,500,holden,shakespeare,tell,
73,6,9,7,home blank,4,sweet home,6,cooking,3,maker,sweet home,500,on the range,run,sweet home,
73,6,10,7,pop blank,2,corn,1,bottle,5,goes the weasel,corn,500,sicle,goes the weasel,corn,
73,7,11,12,blue blank,1,heaven,4,berry pie,5,moon,moon,250,chip,moon,sky,
73,7,12,13,blank lips,3,hot,2,puckered,5,red,hot,500,sweet,red,hot,
73,8,13,13,fat blank,1,daddy,5,cat,6,so,so,0,man,albert,cat,
73,9,14,15,easter blank,4,egg,5,bonnet,6,bunny,bunny,500,parade,sunday,bunny,
73,9,15,15,count blank,1,basie,2,dracula,3,me out,basie,0,your blessings,dracula,down,
73,10,16,17,blank brothers,4,marx,6,joyce,5,big,marx,250,smith,marx,smothers,
73,10,17,18,grand blank,4,father,6,slam,1,canyon,canyon,500,prize,slam,canyon,
73,11,18,19,blank day,3,doris,6,have a nice,1,rainy,birth,100,birth,happy,doris,
73,12,19,20,upper blank,4,berth,3,teeth,2,class,class,0,plate,berth,lip,
73,13,20,21,mickey blank,2,mouse,3,finn,4,spillane,mouse,500,mantle,rooney,mouse,
73,13,21,22,mark blank,4,twain,5,spitz,6,goodson,twain,250,anthony,twain,spitz,
73,14,22,23,that old blank,3,gang of mine,1,black magic,6,feeling,black magic,500,man,feeling,black magic,
73,15,23,24,bare blank,6,feet,4,back,3,chest,feet,500,bottom,back,foot,
73,15,24,24,captain blank,3,midnight,4,bligh,1,marvel,bligh,0,hook,kidd,kangaroo,
73,16,25,24,blank guard,4,life,3,safe,5,right,life,250,national,life,right,
73,17,26,24,monkey blank,4,business,6,wrench,1,shines,shines,0,wrench,"see, monkey do",business,
73,17,27,24,seven blank,4,eleven,5,up,3,dwarves,up,500,seas,eleven,up,
73,18,28,24,blank powder,4,gun,5,face,1,tooth,gun,500,talcum,face,gun,
73,19,29,24,tooth blank,4,paste,6,ache,3,less,paste,250,brush,paste,ache,
73,19,30,31,blank sticks,4,pick up,5,drum,1,match,chop,500,match,pick up,chop,
73,20,31,31,blank laugh,1,belly,3,funny,5,last,last,250,belly,last,horse,
73,21,32,31,blank foot,4,hot,5,athlete's,6,rabbit's,bare,500,hot,athlete's,bare,
73,22,33,31,catch a blank,3,falling star,5,cold,4,ball,thief,500,cold,ball,thief,
73,22,34,35,chopped blank,1,liver,5,ice,6,steak,liver,500,onions,meat,liver,
73,23,35,35,lazy blank,1,river,2,susan,6,bones,susan,100,susan,bones,days,
73,24,36,35,blank street,1,42nd,4,back,5,della,sesame,500,one way,main,sesame,
73,24,37,35,joe blank,1,namath,5,lewis,6,dimaggio,lewis,0,palooka,namath,blow,
73,25,38,35,top blank,1,less,4,notch,5,of the morning,notch,0,heavy,banana,hat,
73,25,39,40,rock blank,1,hudson,3,mountain,6,and roll,and roll,500,hudson,group,and roll,
73,26,40,41,dumb blank,6,bell,3,bunny,4,dumb,bell,500,blonde,bunny,bell,
73,27,41,41,sneak blank,6,thief,1,preview,3,,preview,500,a peek,thief,preview,
73,28,42,41,long blank,4,underwear,6,life,5,gone,underwear,500,distance,hair,johns,
73,29,43,41,flower blank,1,pot,5,power,4,child,pot,500,child,power,pot,
73,29,44,41,bed blank,1,room,6,time,5,bug,room,500,bugs,time,room,
73,30,45,46,snake blank,4,pit,6,bite,1,venom,pit,250,bite,pit,in the grass,
73,34,47,49,horse blank,1,radish,5,shoes,6,sense,radish,0,race,shoe,sense,
73,35,48,50,air blank,1,plane,3,dale,5,port,plane,100,plane,pollution,conditioner,
73,35,49,51,raw blank,1,meat,5,vegetables,4,hide,hide,500,carrots,meat,hide,
73,36,50,51,false blank,4,eyelashes,5,teeth,6,ies,teeth,500,eyelashes,alarm,teeth,
73,37,51,51,play blank,1,ball,2,boy,5,ground,ball,250,ground,ball,boy,
73,37,52,54,spare blank,1,ribs,4,tire,5,change,ribs,250,time,ribs,tire,
73,38,53,54,down in the blank,1,drain,3,dumps,5,mouth,dumps,500,mouth,valley,dumps,
73,39,54,54,bubble blank,3,gum,4,bath,6,,bath,250,up,bath,gum,
73,39,55,57,king blank,2,kong,6,size,4,cobra,kong,500,cole,of the road,kong,
73,40,56,57,hot blank,2,pants,6,dog,4,shot,dog,250,pants,dog,lips,
73,40,57,57,blank wife,2,dumb,6,mid,4,house,house,500,mid,ex,house,
73,41,58,57,girl blank,1,friend,4,talk,5,scout,friend,500,talk,scout,friend,
73,42,59,61,hop blank,1,scotch,3,head,4,skip and a jump,scotch,500,along cassidy,skip and jump,scotch,
73,43,60,61,blank bells,5,church,1,jingle,2,christmas,jingle,500,hell's,wedding,jingle,
73,44,61,63,vice blank,4,versa,6,president,3,squad,president,500,versa,squad,president,
73,44,62,63,blank tom,2,uncle,6,tom,4,,uncle,250,tom,uncle,peeping,
73,45,63,63,blank bill,6,buffalo,1,unpaid,3,bronco,buffalo,500,dollar,wild,buffalo,
73,46,64,66,dear blank,1,john,4,heart,6,friend,john,500,sir,abby,john,
73,47,65,67,bad blank,1,times,4,day at black rock,5,mouth,times,0,boy,temper,breath,
73,48,66,68,drop blank,6,dead,3,out,1,kick,dead,500,in,out,dead,
73,48,67,68,june blank,4,wedding,5,bride,2,bug,wedding,0,moon,bug,bride,
73,49,68,70,billy blank,1,the kid,3,jack,5,goat,the kid,500,goat,jack,the kid,
73,50,69,71,nose blank,1,job,5,gay,6,bleed,job,250,cone,job,bleed,
73,51,70,71,minute blank,1,man,6,rice,5,steak,rice,100,rice,maid,man,
73,51,71,71,blank hose,4,rubber,5,silk,6,panty,panty,500,garden,fire,panty,
73,52,72,71,straw blank,4,hat,5,berry,3,dog,hat,500,dog,berries,hat,
73,53,73,71,rubber blank,5,duck,1,band,3,hose,band,500,tire,ball,band,
73,53,74,76,blank tower,6,eiffel,4,london,3,leaning,eiffel,500,ivory,leaning,eiffel,
73,55,75,77,howard blank,6,cosell,3,hughes,4,s end,hughes,500,johnson,cosell,hughes,
73,55,76,78,foul blank,5,mouth,1,ball,4,smell,ball,250,language,ball,play,
73,56,77,79,jail blank,5,bird,3,bait,2,house,bird,500,bait,house,bird,
73,57,78,80,blank dancer,2,belly,5,fan,4,bubble,belly,500,ballet,tap,belly,
73,58,79,80,blank hall,5,monty,6,carnegie,3,dance,monty,500,carnegie,dance,monty,
73,59,80,82,wet blank,3,wash,5,hens,4,blanket,blanket,100,blanket,feet,paint,
73,59,81,82,flash blank,5,gordon,4,camera,3,light,light,500,gordon,bulb,light,
73,60,82,82,blank walker,3,jimmy,6,baby,5,street,street,100,street,jay,johnny,
73,61,83,85,blank race,1,rat,2,drag,5,human,human,100,human,rat,horse,
73,62,84,85,charlie blank,6,chaplin,5,horse,1,brown,brown,500,chaplin,chan,brown,
73,63,85,87,egg blank,1,yolk,2,nog,6,salad,nog,500,roll,head,nog,
73,63,86,88,cold blank,6,feet,1,turkey,5,nose,feet,100,feet,water,duck,
73,64,87,89,free blank,2,love,3,bies,5,fall,press,0,for all,love,way,
73,65,88,90,blank ball,1,base,5,play,6,foot,base,500,lucille,foot,base,
73,66,89,90,african blank,1,nation,4,violet,5,safari,safari,500,violet,queen,safari,
73,66,90,92,lost blank,5,horizon,4,and found,1,continent,and found,250,in space,and found,horizon,
73,67,91,93,blank chips,4,potato,3,poker,5,fish and,potato,500,mr.,poker,potato,
73,68,92,94,blank booth,2,phone,1,john wilkes,4,toll,phone,500,ticket,shirley,telephone,
73,69,93,95,blank news,4,good,1,bad,5,eyewitness,good,500,six o'clock,bad,good,
73,70,94,96,flat blank,4,tire,1,foot,3,head,tire,500,chested,top,tire,
73,70,95,97,blank flake,5,corn,4,snow,3,wheat,snow,500,soap,corn,snow,
73,71,96,98,love blank,4,lorn,6,affair,1,mate,story,500,american style,and marriage,story,
73,72,97,98,cotton blank,6,candy,3,tail,5,reel,candy,250,gin,candy,balls,
73,73,98,100,blank bucket,2,old oaken,5,ice,6,kick the,ice,250,kick the,ice,water,
73,73,99,100,flip blank,2,wilson,4,and flop,5,over,wilson,500,flop,your lid,wilson,
73,74,100,100,dry blank,4,ice,2,dock,5,martini,martini,250,ice,martini,cleaners,
73,75,101,103,blank bath,6,steam,1,hot,4,bubble,bubble,500,bird,steam,bubble,
73,76,102,104,box blank,5,lunch,1,car,4,top,top,250,lunch,top,office,
73,77,103,105,blank chair,5,rocking,4,wheel,1,electric,rocking,500,electric,high,rocking,
73,77,104,106,blank control,2,birth,5,mission,1,pest,birth,500,remote,self,birth,
73,78,105,106,blank shore,4,dinah,6,sea,3,ship to,dinah,250,ship to,dinah,sea,
73,79,106,106,blank hook,2,captain,5,coat,3,fish,fish,500,left,captain,fish,
73,79,107,109,station blank,4,master,2,break,1,wagon,break,500,master,wagon,break,
73,80,108,109,post blank,5,office,3,card,6,box,office,500,mortem,card,office,
73,81,109,111,april blank,5,fool,6,showers,2,,showers,500,love,fool,showers,
73,82,110,112,under blank,3,standing,6,wear,1,ground,wear,250,cover,wear,dog,
73,83,111,113,blank roses,3,four,5,long stem,2,red,red,500,bed of,four,red,
73,83,112,113,mister blank,1,president,2,ed,6,magoo,president,0,roberts,magoo,ed,
73,84,113,113,turkish blank,2,bath,4,taffee,3,towel,bath,500,taffee,towel,bath,
73,85,114,116,funny blank,4,face,3,papers,5,money,girl,500,bone,face,girl,
73,86,115,116,blank alley,2,schubert,5,bowling,6,tin pan,tin pan,250,back,tin pan,bowling,
73,87,116,116,blank cut,6,short,1,cold,3,hair,hair,500,prime,short,hair,
73,87,117,119,blank toe,6,tip,3,mistle,2,big,big,500,tip,tic tac,big,
73,88,118,120,rip blank,5,van winkle,2,off,4,cord,van winkle,500,torn,off,van winkle,
73,89,119,121,blank digger,4,gold,3,clam,6,ditch,gold,500,ditch,grave,gold,
73,90,120,121,flying blank,5,fish,3,trapeze,1,saucer,saucer,250,high,saucer,nun,
73,91,121,121,ham blank,5,burger,2,sandwich,6,and eggs,burger,250,sandwich,burger,and eggs,
73,92,122,124,laughing blank,3,gas,6,hyena,1,lady,hyena,500,matter,gas,hyena,
73,92,123,124,pass blank,6,over,5,out,3,book,word,500,the buck,out,word,
73,93,124,126,p.t. blank,6,barnum,5,a,4,boat,a,500,boat,barnum,a,
73,94,125,126,blank white,3,snow,5,betty,6,pure,snow,500,betty,black and,snow,
73,95,126,128,broad blank,6,way,3,jump,1,side,way,500,minded,jump,way,
73,95,127,128,blank drum,6,bass,5,ear,1,hum,bass,500,hum,ear,bass,
73,96,128,128,belly blank,6,button,1,up,5,dancer,button,250,laugh,button,dancer,
73,97,129,131,peg blank,3,leg,6,board,5,of my heart,leg,500,of my heart,board,leg,
73,98,130,132,ring blank,2,side,5,a-ding-ding,6,bearer,side,0,finger,leader,around the collar,
73,99,131,132,johnny blank,5,carson,2,cash,6,mathis,cash,0,come lately,appleseed,carson,
73,99,132,132,ash blank,2,tray,5,can,1,wednesday,tray,500,can,wednesday,tray,
73,100,133,135,blank train,4,choo choo,5,wedding,6,electric,choo choo,250,wagon,choo choo,freight,
73,100,134,135,blank face,2,funny,1,freckle,4,baby,funny,500,baby,about,funny,
73,101,135,137,blank hunt,2,sea,5,man,1,treasure,treasure,500,fox,sea,treasure,
73,102,136,137,blank pan,5,peter,1,dead,2,frying,peter,500,dead,frying,peter,
73,102,137,139,blank lady,2,first,4,fat,5,shady,first,100,first,pink,my fair,
73,103,138,139,snow blank,6,flake,5,white,4,cap,white,250,man,white,ball,
73,103,139,139,blank free,3,born,1,care,6,home,born,500,home,tax,born,
73,104,140,142,mind blank,5,blower,1,shattering,3,reader,reader,500,bender,over matter,reader,
73,105,141,143,secret blank,1,service,2,agent,5,storm,storm,500,love,agent,storm,
73,106,142,143,adam blank,1,and eve,6,12,5,s apple,12,250,s apple,12,and eve,
73,107,143,143,chuck blank,2,steak,3,connors,4,le the clown,wagon,500,connors,berry,wagon,
73,108,144,146,sweet blank,5,and sour,6,heart,1,tooth,heart,500,potato,tooth,heart,
73,109,145,147,mad blank,1,dog,5,money,6,hatter,money,0,man,dog,hatter,
73,109,146,147,blank court,6,supreme,5,tennis,3,traffic,tennis,250,divorce,tennis,supreme,
73,110,147,147,knock blank,1,out,6,on wood,4,knock,out,250,on wood,out,knock,
73,111,148,147,honest blank,2,injun,5,abe,3,to goodness,abe,500,injun,john,abe,
73,111,149,147,rocky blank,2,graziano,3,mountain,6,road,mountain,250,marciano,mountains,road,
73,112,150,152,blank silver,3,sterling,5,long john,2,hi ho,hi ho,250,quick,hi ho,sterling,
73,113,151,152,zero blank,1,hour,2,mostel,5,zero,hour,500,population growth,mostel,hour,
73,114,152,152,blank neck,1,great,6,turtle,5,pain in the,turtle,500,red,stiff,turtle,
73,115,153,155,common blank,1,sense,4,law,2,as pig tracks,sense,500,law,cold,sense,
73,116,154,156,blank grinder,3,meat,5,organ,1,,meat,500,coffee,organ,meat,
73,116,155,156,sergeant blank,3,york,6,bilko,4,stripes,york,500,friday,pepper,york,
73,117,156,156,blank pole,6,north,3,barber,5,totem,north,250,bean,north,flag,
73,118,157,159,rose blank,1,garden,2,kennedy,5,marie,marie,100,marie,bud,garden,
73,118,158,157,social blank,6,club,3,studies,1,drinker,disease,0,worker,studies,security,
73,119,159,157,kentucky blank,2,derby,5,fried chicken,4,colonel,fried chicken,250,colonel,fried chicken,derby,
74,120,160,157,blank bond,1,james,2,war,3,government,savings,100,u.s. savings,bail,james,
74,121,161,162,blank buck,5,pass the,3,frank,2,old,pass the,500,saw,fast,pass the,
74,122,162,162,power blank,2,house,3,shortage,6,failure,house,100,house,failure,mower,
74,122,163,164,purple blank,6,people eater,5,heart,3,passion,people eater,500,passion,heart,people eater,
74,123,164,164,brass blank,6,bed,5,band,2,candlesticks,bed,0,monkey,knuckles,band,
74,124,165,166,silent blank,1,butler,3,night,5,movies,night,500,partner,alarm,night,
74,124,166,166,hang blank,3,up,6,man,5,nail,over,100,over,ten,up,
74,125,167,166,making blank,2,out,5,whoopee,6,up,love,500,money,whoopee,love,
74,126,168,169,punch blank,1,drunk,5,and judy,6,bowl,bowl,500,drunk,and judy,bowl,
74,126,169,170,stage blank,1,coach,3,mother,6,fright,coach,250,hand,coach,fright,
74,127,170,170,blank pop,5,soda,6,mom and,3,lolli,soda,500,snap crackle and,lolli,soda,
74,128,171,170,blank doctor,3,horse,1,medical,4,ship's,witch,500,medical,horse,witch,
74,129,172,173,blank bar,5,candy,6,snack,1,wet,candy,500,topless,wet,candy,
74,130,173,173,blank worth,2,wool,5,fort,4,,money's,500,fort,wool,money's,
74,130,174,173,great blank,3,lakes,2,neck,1,god,lakes,0,day,dane,scott,
74,131,175,173,blank hop,5,bell,1,lindy,6,hippity,bell,0,sock,hippity,bunny,
74,132,176,177,blank skate,6,roller,5,ice,2,good,ice,250,cheap,ice,roller,
74,132,177,177,sleeping blank,5,beauty,6,bag,2,dogs,beauty,500,pill,bag,beauty,
74,133,178,177,grass blank,5,hopper,6,roots,2,skirt,hopper,250,shack,hopper,roots,
74,134,179,177,blank tape,5,recording,6,scotch,2,red,scotch,500,watergate,red,scotch,
74,135,180,181,ray blank,5,charles,6,of sunshine,4,gun,charles,500,milland,gun,charles,
74,135,181,181,wonder blank,2,woman,5,bread,6,land,land,250,woman,land,bread,
74,136,182,183,elbow blank,5,macaroni,3,room,1,grease,grease,500,room,macaroni,grease,
74,137,183,183,sand blank,4,box,5,bag,3,wich,wich,0,man,box,castle,
74,138,184,183,swedish blank,2,massage,5,meatballs,1,accent,meatballs,500,blonde,massage,meatballs,
74,139,185,186,cliff blank,1,hanger,6,arquette,5,robertson,robertson,500,dweller,hanger,robertson,
74,139,186,186,blank grind,3,steady,4,greasy,6,pepper,steady,0,daily,bump and,coffee,
74,140,187,188,pick blank,5,up,6,pocket,3,wick,up,500,a peck of pickled peppers,pocket,up,
74,141,188,189,club blank,5,sandwich,2,house,6,soda,house,250,sandwich,house,soda,
74,141,189,190,million dollar blank,5,baby,3,prize,1,,baby,250,legs,baby,movie,
74,142,190,191,blank tell,3,william,5,show and,4,kiss and,show and,250,kiss and,show and,william,
74,143,191,192,falling blank,5,star,4,tree,6,down,star,500,rocks,down,star,
74,144,192,193,light blank,5,house,4,bulb,6,ning,bulb,500,weight,house,bulb,
74,145,193,193,blank fly,2,house,5,super,1,horse,super,500,horse,butter,super,
74,145,194,193,blank jack,3,jumping,4,black,5,billy,black,500,jumping,billy,black,
74,146,195,196,blank horse,6,hot,5,quarter,1,hobby,race,500,charley,rocking,race,
74,147,196,196,blank raft,4,life,5,george,2,,life,250,wooden,life,george,
74,147,197,198,sub blank,2,marine,4,terranean,1,standard,marine,250,total,marine,way,
74,148,198,198,square blank,5,dance,4,,6,root,dance,500,deal,root,dance,
74,149,199,198,make blank,4,love,5,believe,3,love not war,love,100,love,believe,up,
74,150,200,198,blank wolf,2,sea,6,big bad,5,were,were,250,peter and the,were,big bad,
74,151,201,198,buddy blank,5,hackett,6,system,4,boy,hackett,500,boy,ebsen,hackett,
74,152,202,198,blank rock,1,little,3,hard,5,bad day at black,hard,500,solid,plymouth,hard,
74,153,203,204,rub blank,3,a dub,5,down,1,ber,down,250,out,down,a dub dub,
74,154,204,204,fifth blank,3,dimension,5,avenue,1,amendment,avenue,500,amendment,dimension,avenue,
74,155,205,206,blank patch,5,eye,3,dog,2,petunia,eye,0,strawberry,briar,dog,
74,157,206,207,devil's blank,3,advocate,6,food cake,5,island,island,500,food cake,advocate,island,
74,157,207,208,blank squad,5,mod,6,racket,3,firing,mod,500,firing,vice,mod,
74,158,208,209,blank newton,1,wayne,3,fig,5,robert,wayne,250,sir isaac,wayne,fig,
74,159,209,209,blank friday,5,good,1,man,4,gal,good,500,girl,sgt. joe,good,
74,160,210,211,blank burns,5,george,6,side,3,powder,side,250,sun,side,george,
74,161,211,212,turtle blank,2,dove,5,neck,3,soup,dove,0,soup,neck,wax,
74,161,212,212,string blank,2,orchestra,5,bean,6,along,bean,500,quartet,along,bean,
74,162,213,212,shell blank,4,shock,5,game,1,fish,fish,500,shock,oil,fish,
74,163,214,212,saddle blank,1,sore,5,bag,2,soap,sore,100,sore,soap,up,
74,164,215,216,blank brooks,1,babbling,5,foster,6,mel,babbling,500,mel,our miss,babbling,
74,165,216,217,blank age,5,old,3,golden,6,middle,old,500,teen,stone,old,
74,166,217,217,blank caesar,5,julius,3,sid,1,little,julius,500,little,sid,julius,
74,167,218,219,blank thumb,1,tom,3,green,5,,tom,500,sore,green,tom,
74,168,219,220,the last blank,5,supper,6,tango in paris,3,mile,supper,500,picture show,tango in paris,supper,
74,168,220,220,blank high,5,hollywood,3,,6,good,sky,500,12 o'clock,knee,sky,
74,169,221,220,blank farm,1,funny,4,animal,5,rebecca of sunnybrook,funny,500,old macdonald's,animal,funny,
74,170,222,220,blank mate,1,first,3,ship,2,soul,first,0,paper,play,check,
74,171,223,224,blank dozen,3,dirty,6,baker's,5,half,dirty,250,cheaper by the,dirty,baker's,
74,172,224,223,blank flag,3,american,5,grand old,6,our,american,500,black,fannie,american,
74,173,225,223,boston blank,3,strangler,5,beans,6,massachusetts,strangler,500,baked beans,tea party,strangler,
74,173,226,226,blank ford,3,henry,4,model t,5,tennessee ernie,henry,500,tennessee ernie,glenn,henry,
74,175,227,226,head blank,6,ache,5,over heels,4,cold,ache,500,strong,start,ache,
74,175,228,228,blank luck,4,pot,2,lady,3,lots of,good,500,pot,lady,good,
74,176,229,229,blank bat,5,baseball,3,old,1,vampire,ding,250,blind as a,ding,baseball,
74,177,230,230,blank uncle,5,say,3,dutch,2,rich,rich,0,man from,dutch,monkey's,
74,178,231,230,blank blue,5,navy,2,true,6,red white and,navy,0,sky,little boy,true,
74,179,232,232,lawrence blank,5,of arabia,6,welk,3,tibbett,welk,500,olivier,of arabia,welk,
74,179,233,233,hickory blank,1,stick,5,dickory dock,6,nut,nut,0,smoked,stick,dickory dock,
74,180,234,233,blank cleaver,5,meat,2,eldridge,1,,meat,500,eldridge,beaver,meat,
74,181,235,233,ding blank,5,bat,4,a ling,1,dong,a ling,250,bat,a ling,dong,
74,182,236,233,chop blank,1,sticks,5,suey,4,ped liver,suey,500,chop,sticks,suey,
74,183,237,237,blank arthur,5,king,1,president,4,mac,king,500,bea,mac,king,
74,184,238,238,blank eye,2,black,5,private,6,buck,private,250,bull's,private,black,
74,184,239,239,tip blank,5,toe,3,top,1,ster,toe,250,off,toe,top,
74,185,240,239,blank aid,4,first,6,band,2,foreign,first,500,hearing,band,first,
74,186,241,241,clark blank,2,gable,3,kent,6,bar,gable,500,bar,kent,gable,
74,187,242,241,root blank,6,beer,5,canal,1,64,beer,500,of all evil,canal,beer,
74,188,243,243,ginger blank,5,rogers,2,bread,6,snap,bread,500,ale,rogers,bread,
74,188,244,243,blank riley,3,life of,5,charles nelson,4,o',charles nelson,250,o',charles nelson,life of,
74,189,245,245,blank knee,5,trick,2,wounded,6,water on the,wounded,500,knock,trick,wounded,
74,190,246,246,pillow blank,5,fight,6,talk,3,feathers,talk,500,fight,case,talk,
74,191,247,246,blank vine,2,grape,5,hollywood and,4,clinging,grape,500,hollywood and,clinging,grape,
74,192,248,246,electric blank,2,chair,5,light,4,light bulb,chair,100,chair,company,light,
74,193,249,246,tennessee blank,5,ernie ford,2,waltz,1,kid,waltz,100,waltz,williams,ernie ford,
74,193,250,250,blank fat,5,baby,6,,4,chicken,baby,250,low,baby,chicken,
74,194,251,250,mexican blank,5,hat dance,6,beans,3,hayride,hat dance,250,food,hat dance,jumping bean,
74,195,252,252,fiddle blank,3,faddle,6,player,5,dee dee,faddle,500,sticks,dee dee,faddle,
74,196,253,253,kitty blank,5,cat,4,litter,3,foyle,cat,500,litter,hawk,cat,
74,197,254,253,blank rose,5,red,3,second hand,4,irish,red,500,second hand,gypsy,red,
74,198,255,253,prisoner of blank,4,love,5,zenda,3,war,war,500,zenda,love,war,
74,198,256,253,tight blank,4,wad,5,rope,3,collar,rope,250,pants,rope,wad,
74,199,257,253,blank bailey,4,pearl,5,bill,3,ringling bros barnum and,pearl,250,beetle,pearl,bill,
74,200,258,258,blank freeze,4,deep,5,anti,3,orange,deep,500,tastee,anti,deep,
74,200,259,259,buck blank,4,rogers,2,henry,5,jones,jones,0,wheat,owens,rogers,
74,201,260,259,annie blank,5,oakley,1,fanny,6,laurie,oakley,500,green springs,get your gun,oakley,
74,202,261,259,kick the blank,5,habit,1,ball,3,bucket,bucket,500,habit,can,bucket,
74,203,262,262,blank springs,5,palm,1,hot,4,bed,palm,500,bed,hot,palm,
74,204,263,262,leap blank,5,year,2,frog,6,in' lena,frog,500,up,year,frog,
74,204,264,262,blank place,2,your,3,market,5,peyton,peyton,500,first,park,peyton,
74,205,265,262,blank can,2,tin,1,garbage,6,can,garbage,100,trash,tin,can,
74,206,266,266,ring around the blank,5,collar,3,rosey,2,moon,collar,500,tub,rosey,collar,
74,207,267,266,dennis blank,1,the menace,6,james,5,weaver,weaver,250,james,weaver,the menace,
74,207,268,266,pain blank,5,killer,4,in the neck,3,pills,in the neck,500,pill,killer,in the neck,
74,209,269,266,blank mary,3,virgin,5,bloody,1,queen,queen,500,virgin,bloody,queen,
74,209,270,266,crash blank,6,diet,1,landing,2,dive,landing,100,landing,helmet,diet,
74,210,271,270,casey blank,5,jones,2,at the bat,1,stengel,jones,500,at the bat,stengel,jones,
74,211,272,270,man of blank,5,la mancha,3,war,1,the hour,war,250,the year,war,la mancha,
74,212,273,270,judge blank,5,sirica,2,roy bean,3,matt byrne,roy bean,500,and jury,sirica,roy bean,
74,213,274,273,open blank,5,sesame,3,the door richard,1,account,sesame,100,sesame,the door,house,
74,213,275,273,blank morris,5,philip,6,william,3,greg,greg,250,chester,greg,philip,
74,215,276,275,hi blank,5,ho silver,3,ball,1,there,ho silver,250,fi,ho,there,
74,215,277,275,cat's blank,5,pajamas,2,meow,1,paw,meow,500,tail,paw,meow,
74,217,278,277,sleepy blank,6,time gal,4,head,5,hollow,head,250,time gal,head,hollow,
74,217,279,277,blank proof,1,90,6,100,5,fool,water,100,water,fool,100,
74,218,280,277,blank widow,5,black,6,merry,2,,black,500,grass,merry,black,
74,219,281,277,blank helper,4,hamburger,6,mother's little,5,santa's,hamburger,250,santa's,hamburger,mother's,
74,220,282,277,blank bean,6,green,5,orson,1,string,string,500,jumping,jelly,string,
74,221,283,277,blank downs,5,hugh,1,churchill,6,ups and,hugh,250,churchill,hugh,sit,
74,222,284,283,great white blank,5,hope,6,father,2,way,father,100,father,way,hope,
74,222,285,283,huckleberry blank,6,finn,5,hound,3,pie,finn,500,pie,hound,finn,
74,223,286,283,pink blank,6,elephant,5,lady,2,roses,panther,500,lemonade,lady,panther,
74,224,287,283,ronald blank,5,reagan,6,mcdonald,3,coleman,mcdonald,250,coleman,mcdonald,reagan,
74,225,288,283,end of the blank,5,world,6,line,2,day,world,100,world,line,road,
74,226,289,288,polly blank,5,anna,2,bergen,1,want a cracker,want a cracker,500,anna,bergen,want a cracker,
74,227,290,288,blank shark,5,loan,6,saber tooth,2,killer,loan,500,killer,card,loan,
74,227,291,286,alley blank,5,oop,2,mcgraw,1,cat,cat,500,way,oop,cat,
74,229,292,290,elliott blank,6,ness,3,gould,2,nugent,gould,500,roosevelt,ness,gould,
74,229,293,290,let it blank,6,go,5,be,2,ride,be,500,go,all hang out,be,
74,230,294,292,jay blank,2,bird,5,walker,3,cees,bird,500,north,walker,bird,
74,231,295,293,bird blank,5,brain,3,house,6,bath,nest,0,man,of paradise,brain,
74,232,296,294,plum blank,5,pudding,3,pie,6,crazy,pudding,500,crazy,tree,pudding,
74,233,297,294,birth blank,5,day,3,mark,6,control,day,500,place,control,day,
74,234,298,296,blank young,5,robert,6,loretta,3,forever,robert,500,loretta,too,robert,
74,235,299,296,henry blank,5,the eighth,6,ford,4,hudson,ford,0,aaron,kissinger,the eighth,
74,236,300,298,honey blank,3,bee,5,pot,6,bun,bee,500,comb,bun,bee,
74,237,301,299,port blank,5,of call,6,,3,wine,of call,250,hole,of call,wine,
74,238,302,300,moonlight blank,5,serenade,3,sonata,2,in vermont,bay,250,sonata,bay,serenade,
74,238,303,300,time blank,5,table,2,bomb,3,clock,table,0,bomb,clock,out,
74,239,304,302,snap blank,5,crackle and pop,4,dragon,6,judgment,judgment,0,shot,dragon,crackle and pop,
74,240,305,302,hip blank,5,hip hooray,6,hugger,2,pity hop,hugger,500,bone,hip hooray,hugger,
74,241,306,304,buster blank,3,brown,2,crabbe,5,,crabbe,100,crabbe,keaton,brown,
74,242,307,305,t-blank,1,shirt,4,pee,5,bone,bone,100,bone steak,bird,shirt,
74,243,308,305,canadian blank,1,national railroad,3,royal mounted police,5,club,club,100,club,bacon,mounted police,
74,244,309,305,blank it off!,2,take,5,knock,3,put,take,500,turn,knock,take,
74,245,310,308,blank maniac,2,ego,5,sex,3,nympho,sex,500,klepto,raving,sex,
74,246,311,309,blank stack,5,smoke,6,hay,1,,smoke,100,smoke,robert,hay,
74,247,312,310,blank timer,1,two,6,old,4,,two,100,two,egg,old,
74,248,313,311,run for blank,5,your life,6,the money,3,good,your life,500,cover,the money,your life,
74,249,314,311,outer blank,5,limits,6,space,3,office,space,500,mongolia,limits,space,
74,249,315,311,steve blank,6,mcqueen,5,allen,4,cochran,mcqueen,250,lawrence,mcqueen,allen,
74,251,316,314,inner blank,5,sanctum,3,tube,1,circle,sanctum,500,tube,space,sanctum,
74,251,317,314,hold your blank,5,tongue,3,breath,1,horses,horses,500,own,tongue,horses,
74,252,318,314,brand blank,5,x,3,y,1,name,name,250,x,name,new,
74,253,319,314,blank crab,5,cracked,3,long island,1,old,sand,0,buster,you old,king,
74,254,320,318,blank henry,5,oh,3,king,2,buck,oh,500,patrick,john,oh,
74,255,321,319,blank hopper,5,grass,6,,3,dennis,grass,500,hippity,hedda,grass,
74,256,322,320,latin blank,3,lover,5,music,6,class,lover,500,quarter,america,lover,
74,257,323,321,fig blank,5,leaf,2,newton,1,bar,leaf,500,tree,newton,leaf,
74,258,324,322,blank jane,1,mary,5,calamity,3,"me tarzan, you",calamity,100,calamity,baby,plain,
74,259,325,323,blank rod,5,hot,3,curtain,6,fishing,hot,500,lightning,fishing,hot,
74,259,326,323,day of the blank,3,jackal,6,dolphin,5,week,jackal,500,week,dolphin,jackal,
74,260,327,323,blank blade,4,razor,3,gay,1,sharp,razor,500,gay,switch,razor,
74,261,328,323,blank richard,5,poor,3,king,4,open the door,little,500,poor,king,little,
74,262,329,323,strip blank,6,tease,5,lighting,3,poker,poker,250,joint,poker,tease,
74,262,330,328,blank talk,5,baby,6,pillow,3,girl,baby,0,back,small,pillow,
74,263,331,328,martha blank,4,mitchell,5,s vineyard,6,raye,raye,250,mitchell,raye,washington,
74,265,332,328,bay blank,3,of pigs,5,window,2,scallops,of pigs,500,leaf,window,of pigs,
74,265,333,331,anthony blank,3,quinn,5,newley,4,adverse,quinn,500,newley,and cleopatra,quinn,
74,266,334,332,daniel blank,5,boone,3,webster,6,and the lions' den,boone,500,and the lions' den,webster,boone,
74,267,335,332,blank goose,5,mother,6,christmas,4,granny,mother,500,cooked,granny,mother,
74,268,336,334,mason blank,5,jar,6,williams,2,dixon line,jar,250,reese,jar,dixon line,
74,268,337,334,mother of blank,5,pearl,2,the bride,4,god,pearl,500,mine,invention,pearl,
74,269,338,334,blank and water,5,soap,2,oil,6,bread,bread,500,scotch,soap,bread,
74,270,339,334,bella blank,5,lugosi,6,darby,3,donna,lugosi,500,abzug,donna,lugosi,
74,271,340,338,blank limits,3,off,5,outer,1,city,outer,500,off,city,outer,
74,272,341,336,blank in paris,4,springtime,5,american,6,evening,evening,250,last tango,evening,april,
74,273,342,336,slap blank,1,happy,2,dash,3,stick,stick,500,jack,happy,stick,
74,274,343,340,take it blank,5,off,3,or leave it,1,easy,off,100,off,easy,or leave it,
74,274,344,341,the three blank,6,musketeers,5,bears,3,little pigs,musketeers,500,little pigs,stooges,musketeers,
74,275,345,341,shuffle blank,6,board,5,off to buffalo,3,the deck,board,500,the cards,off to buffalo,board,
74,276,346,341,be my blank,5,valentine,3,love,2,own,valentine,500,love,guest,valentine,
74,277,347,341,hope blank,5,chest,3,lange,2,ful,chest,250,faith and charity,chest,lange,
74,278,348,341,mountain blank,5,climber,3,greenery,2,top,dew,250,goat,dew,top,
74,279,349,341,blank and johnson,5,masters,3,johnson,2,olsen,masters,250,olsen,masters,johnson,
74,280,350,341,zip blank,5,per,3,code,2,gun,code,500,zap,a dee do da,code,
74,281,351,348,bing blank,5,crosby,3,cherry,4,o,crosby,500,o,cherry,crosby,
74,283,352,348,walk the blank,5,plank,3,dog,2,tightrope,dog,0,straight and narrow,plank,line,
74,283,353,348,blank bench,5,johnny,3,park,1,wet painted,johnny,250,work,johnny,park,
74,284,354,351,split blank,5,second,3,personality,2,pea soup,second,500,personality,pea,second,
74,285,355,351,sandy blank,5,duncan,3,dennis,2,koufax,duncan,500,koufax,beach,duncan,
74,286,356,351,beat the blank,5,clock,6,band,3,drum,clock,500,band,traffic,clock,
74,288,357,354,blank ho,6,ho,5,tally,3,hi,hi,500,don,ho ho,hi,
74,289,358,355,ben blank,3,casey,5,franklin,6,hur,hur,250,franklin,hur,casey,
74,290,359,356,rat blank,5,fink,2,pack,3,poison,fink,500,trap,race,fink,
74,290,360,356,cut the blank,5,cake,6,mustard,2,cord,mustard,500,ribbon,cake,mustard,
74,291,361,358,blank angels,6,hell's,1,arch,5,fallen,hell's,500,blue,california,hell's,
74,292,362,359,it's a blank,4,boy,5,wonderful life,3,deal,boy,500,"mad, mad world",deal,boy,
74,293,363,359,see blank,4,saw,5,you later,6,america first,saw,500,through,you later,saw,
74,293,364,359,maxwell blank,4,house,3,smart,6,s plum,house,500,anderson,smart,house,
74,294,365,359,blow your blank,4,nose,6,horn,5,whistle,nose,250,mind,nose,horn,
74,295,366,363,fruit blank,2,cake,3,of the loom,4,cup,cake,500,salad,of the loom,cake,
74,296,367,363,hush blank,5,puppies,6,up,3,a bye,puppies,500,hush sweet charlotte,up,puppy,
74,297,368,363,lover's blank,5,lane,6,quarrel,1,leap,lane,500,leap,quarrel,lane,
74,297,369,363,blank stick,5,walking,3,night,2,hockey,walking,0,lip,peppermint,pogo,
74,298,370,367,tiger blank,6,s milk,5,lily,3,rag,lily,500,in your tank,rag,lily,
74,299,371,368,ali blank,5,baba,2,macgraw,6,oop,macgraw,250,kahn,macgraw,baba,
74,299,372,369,stuffed blank,5,cabbage,6,shirt,2,pork chops,cabbage,0,peppers,turkey,shirt,
74,300,373,370,break the blank,5,bank,3,tie,2,record,bank,500,habit,ice,bank,
74,301,374,370,singing blank,5,in the rain,3,sinners,2,lesson,in the rain,250,the blues,in the rain,nun,
74,302,375,370,blank bones,3,mr,1,chicken,5,dry,lazy,500,broken,dry,lazy,
74,303,376,370,earth blank,5,quake,4,worm,2,mother,quake,500,angel,worm,quake,
74,304,377,370,shake blank,5,and bake,2,a leg,6,rattle and roll,and bake,100,and bake,well,rattle and roll,
74,305,378,375,ladies blank,1,room,3,man,5,and gentlemen,room,500,first,and gentlemen,room,
74,306,379,376,head of blank,5,lettuce,6,the family,3,state,the family,0,lettuce,the class,the house,
74,306,380,376,lone blank,5,ranger,6,wolf,3,shark,ranger,500,wolf,star state,ranger,
74,307,381,378,alexander blank,5,graham bell,3,the great,6,s ragtime band,graham bell,250,hamilton,graham bell,the great,
74,308,382,378,pearly blank,5,gates,3,mae,2,white,gates,500,white,mae,gates,
74,309,383,378,el blank,5,toro,3,camino,2,capitan,toro,250,dorado,toro,cid,
74,310,384,378,blank girl,5,cover,3,georgy,2,funny,funny,250,pretty,funny,that,
74,314,386,384,tooth blank,5,paste,2,ache,1,fairy,ache,500,fairy,paste,ache,
74,315,387,384,blank shepherd,5,alan,1,german,2,good,german,500,alan,good,german,
74,315,388,384,willie blank,5,mays,1,,2,wonka,mays,500,shoemaker,wonka,mays,
74,316,389,384,blank rib,3,adam's,5,spare,6,barbecued,spare,250,prime,spare,adam's,
74,317,390,388,knee blank,1,cap,5,ling,2,length,cap,500,socks,bend,cap,
74,318,391,389,max blank,5,well smart,3,baer jr,2,factor,factor,500,pax,baer,factor,
74,318,392,390,mouth blank,3,wash,5,piece,2,,wash,500,piece,to mouth,wash,
74,319,393,390,boot blank,5,hill,3,black,2,camp,hill,250,camp,hill,legger,
74,320,394,392,blank nun,5,flying,2,singing,6,blue,flying,500,singing,blue,flying,
74,321,395,392,blank pipe,5,peace,3,steam,2,iron,peace,250,drain,peace,water,
74,322,396,392,blank fry,5,small,3,french,6,super,french,250,small,french,fish,
74,322,397,392,blank andy,5,captain,6,raggedy,3,amos 'n',amos 'n',500,raggedy,handy,amos and,
74,323,398,392,blank times,1,good,5,hard,3,the new york,good,500,hard,l.a.,good,
74,326,400,399,blank mitchell,5,john,4,guy,3,martha,martha,500,joni,john,martha,
74,327,401,400,blank blanket,4,baby,5,security,6,wet,security,100,security,wet,electric,
74,328,402,401,betty blank,6,ford,5,white,2,davis,crocker,0,davis,boop,white,
74,329,403,401,blank piper,5,pied,2,sand,3,,pied,500,sand,peter,pied,
74,330,404,401,blank sin,5,my,3,mortal,2,deadly,mortal,250,living in,mortal,my,
74,331,405,404,mack blank,6,the knife,3,stevenson,4,intosh,the knife,500,davis,truck,the knife,
74,332,406,404,what's blank,6,up doc,5,new,2,happening,up doc,100,up doc,new,my line,
74,332,407,404,model blank,6,t ford,3,a,4,ing clay,airplane,250,home,airplane,t,
74,333,408,407,blank beard,5,blue,6,black,3,,blue,500,red,black,blue,
74,334,409,407,point blank,5,blank,6,,4,of fact,blank,500,of no return,after,blank,
74,335,410,409,blank johnson,5,president,3,jeremiah,2,lady bird,jeremiah,0,johnson and,van,lyndon b.,
74,336,411,410,raise the blank,5,flag,1,roof,4,,roof,250,shade,roof,flag,
74,337,412,411,fortune blank,5,cookie,2,hunter,1,teller,cookie,250,hunter,cookie,teller,
74,338,413,411,blank jacket,1,straight,2,life,4,sport,straight,500,life,yellow,straight,
74,339,414,411,blank climber,1,mountain,4,social,2,,mountain,500,tree,social,mountain,
74,340,415,414,blank blank,1,mel,2,blankety,4,point,blankety,500,point,fill in the,blankety,the first blank is the one that is filled
74,341,416,414,button blank,5,hole,4,s and bows,2,hook,hole,500,"button, who has the button",up,hole,
74,342,417,414,bo blank,1,peep,2,jangles,5,,peep,500,jangles,diddley,peep,
74,343,418,417,walking blank,5,tall,1,dead,6,stick,tall,500,my baby back home,stick,tall,
74,344,419,417,hoot blank,6,enanny,5,owl,2,gibson,enanny,250,and holler,enanny,owl,
74,345,420,419,blank bunny,5,bugs,1,playboy,4,honey,bugs,500,playboy,easter,bugs,
74,346,421,419,crystal blank,4,ball,5,chandelier,2,set,ball,500,chandelier,clear,ball,
74,347,422,421,down the blank,5,hatch,2,drain,3,road,hatch,250,drain,hatch,road,
74,348,423,422,moving blank,5,violation,4,van,2,target,van,500,target,on,van,
74,349,424,423,i've got blank,5,a secret,6,rhythm,3,my love to keep me warm,a secret,500,you,rhythm,a secret,
74,350,425,424,the old blank,5,oak tree,4,oaken bucket,2,timer,oak tree,0,lady that lived in a shoe,man and the sea,grey mare,
74,351,426,424,blank beauty,5,sleeping,6,black,2,bathing,sleeping,250,raving,sleeping,black,
74,352,427,426,bermuda blank,5,shorts,6,island,1,vacation,shorts,500,grass,onion,shorts,
74,353,428,426,rabbit blank,5,hutch,2,test,6,foot,foot,500,hutch,stew,foot,
74,354,429,428,blank plumber,5,josephine the,6,white house,1,gas,josephine the,250,christopher,josephine the,liquid,
74,355,430,428,smith blank,6,brothers,5,and wesson,2,college,brothers,500,and wesson,and jones,brothers,
74,356,431,428,philadelphia blank,5,cheese,1,story,3,,eagles,0,story,pa,cream cheese,
74,357,432,431,blank gang,5,our,4,street,1,chain,our,500,street,chain,our,
74,358,433,432,blank opera,5,soap,4,a night at the,1,metropolitan,soap,500,grand,phantom of the,soap,
74,358,434,432,blank david,5,king,6,mogen,2,camp,king,100,king,little,mogen,
74,359,435,432,blank bow,5,clara,6,rain,4,hair,rain,500,clara,cross,rain,
74,360,436,432,bud blank,6,vase,5,weiser,1,abbott,weiser,500,vase,abbott,weiser,
74,361,437,436,blank stone,5,blarney,4,gem,1,birth,rolling,500,tomb,birth,rolling,
74,362,438,436,blank x,5,brand,3,mister,6,malcolm,brand,0,malcolm,rated,madame,
74,363,439,438,morning blank,1,after,6,sickness,5,glory,glory,250,sickness,glory,after,
74,364,440,438,rain blank,1,drop,2,bow,6,coat,bow,0,rain go away,or shine,drops,
74,364,441,440,blank the greek,5,zorba,4,nick,1,behold,zorba,500,nick,jimmy,zorba,
74,365,442,440,chief blank,5,sitting bull,4,asset,1,complaint,crazy horse,0,of police,ironside,sitting bull,
74,366,443,442,rag blank,5,doll,4,time,6,mop,doll,500,bag,time,doll,
74,367,444,442,goodnight blank,5,irene,6,sweetheart,3,my love,irene,100,irene,kiss,sweetheart,
74,368,445,444,blank breaker,5,heart,6,ice,3,tie,heart,100,heart,wind,jaw,
75,369,446,445,patent blank,5,leather shoes,6,pending,3,medicine,pending,250,medicine,pending,leather,
75,370,447,446,wake blank,5,up,1,island,2,of the red witch,up,500,me when it's over,island,up,
75,371,448,446,a pack of blank,5,lies,2,cigarettes,3,gum,cigarettes,500,lies,wolves,cigarettes,
75,372,449,448,sixteen blank,5,tons,6,years old,2,trombones,tons,500,going on seventeen,candles,tons,
75,373,450,449,sorry blank,1,wrong number,5,about that,3,face,wrong number,500,sight,charlie,wrong number,
75,374,451,450,bow blank,3,and arrow,2,tie,5,inkle,tie,500,wow,and arrow,tie,
75,375,452,451,patty blank,5,hearst,6,duke,4,cake,cake,500,melt,duke,cake,
75,375,453,452,naked blank,5,ape,4,baby,2,lady,lady,500,ape,city,lady,
75,376,454,453,harry blank,2,truman,3,and tonto,5,o,o,500,belafonte,truman,o,
75,377,455,453,lock blank,2,up,3,ness,5,and key,and key,250,jaw,and key,smith,
75,378,456,455,fanny blank,4,flagg,6,foxe,5,hill,flagg,500,brice,hill,flagg,
75,379,457,455,betsy blank,4,ross,5,palmer,3,blair,ross,500,wetsy,palmer,ross,
75,380,458,455,vienna blank,4,waltz,5,sausage,6,music,sausage,500,austria,waltz,sausage,
75,381,459,458,maid blank,6,of honor,5,marian,4,in japan,of honor,500,service,marian,of honor,
75,381,460,458,nobody's blank,1,perfect,2,sweetheart,5,business,business,250,perfect,business,fool,
75,382,461,458,blank clean,6,mr.,5,picked,3,very,mr.,500,squeaky,dry,mr.,
75,383,462,458,blank puff,5,powder,1,huff and,6,cream,cream,100,cream,huff and,powder,
75,384,463,462,blank collar,1,dog,5,ring around the,6,flea,ring around the,500,dog,white,ring around the,
75,385,464,462,onion blank,5,peel,4,ring,3,dip,ring,500,head,soup,rings,
75,386,465,464,blank home,4,home sweet,5,old folks,6,country,old folks,100,old folks,mobile,home sweet,
75,387,466,464,blank luke,5,cool hand,4,saint,6,,cool hand,500,keye,saint,cool hand,
75,387,467,466,keep your blank,5,mouth shut,2,hat on,4,powder dry,mouth shut,100,mouth shut,hands off,cool,
75,388,468,467,blank eden,5,the garden of,1,barbara,6,east of,garden of,500,east of,barbara,garden of,
75,389,469,467,diamond blank,1,jim,3,ring,5,head,ring,500,head,jim,ring,
75,390,470,469,young blank,5,at heart,1,blood,3,and foolish,at heart,250,and restless,at heart,love,
75,390,471,469,valley blank,5,forge,4,of the dolls,2,of the jolly green giant,of the dolls,500,of the jolly green giant,forge,of the dolls,
75,390,472,471,blank away,5,anchors,2,stay,3,"far, far",go,0,anchors,get,"up, up and",
75,392,473,471,blank sing,6,sing,4,gin,5,stand up and,sing,500,of thee i,community,sing,
75,393,474,471,blank cabin,5,log,3,captain's,2,ship's,log,500,mountain,uncle tom's,log,
75,394,475,474,blank blonde,5,dumb,6,bleach,4,platinum,dumb,250,bleached,dumb,platinum,
75,395,476,474,two for blank,5,tea,4,the seesaw,6,the show,tea,500,one,the money,tea,
75,396,477,476,crushed blank,5,ice,6,velvet,1,grapes,ice,500,pineapple,velvet,ice,
75,397,478,476,mount blank,5,everest,6,olympus,2,shasta,everest,250,sinai,everest,rushmore,
75,398,479,478,blank to you,5,the same,1,nuts,6,happy birthday,nuts,250,same,nuts,happy birthday,
75,398,480,479,blank lane,6,frankie,5,lois,4,lover's,lover's,500,memory,abbe,lover's,
75,399,481,479,francis blank,1,scott key,6,the mule,3,of assisi,the mule,500,drake,scott key,the talking mule,
75,400,482,479,tropical blank,4,island,6,fish,5,weather,fish,500,storm,island,fish,
75,401,483,482,masked blank,5,man,6,marvel,1,rider,man,100,man,marvel,bandit,
75,402,484,482,blank wick,5,pick,6,candle,3,air,candle,500,pick,air,candle,
75,403,485,482,ship blank,6,ahoy,5,wreck,4,shape,wreck,250,shape,wreck,ahoy,
75,404,486,485,blank lightning,5,white,6,streak,4,thunder and,white,250,greased,white,thunder and,
75,405,487,486,blank do it,1,birds,6,let's,5,don't,let's,500,birds,don't,let's,
75,405,488,487,blank pack,5,cigarette,4,six,1,rat,six,250,rat,six,back,
75,406,489,488,brief blank,5,case,1,pause,4,encounter,case,250,moment,case,encounter,
75,407,490,489,beat blank,4,up,3,the clock,6,the drum,the clock,500,the heat,nik,the clock,
75,408,491,489,blank fingers,5,butter,6,sticky,3,lady,butter,500,sticky,lady,butter,
75,409,492,491,crazy blank,5,horse,4,legs,2,joe,legs,250,cat,legs,horse,
75,410,493,492,blank cash,5,johnny,6,hard,4,hot,johnny,500,petty,cold,johnny,
75,411,494,492,blank march,5,fredric,6,the ides of,1,month of,fredric,0,forward,ides of,wedding,
75,412,495,492,the naked blank,3,ape,2,and the dead,5,runner,ape,500,truth,city,ape,
75,412,496,492,blank england,5,merrie olde,3,new,6,london,new,250,merrie olde,new,london,
75,414,497,496,the king blank,5,and i,4,pin,6,is coming,and i,500,of spades,pin,and i,
75,415,498,496,blank maker,5,match,4,little old wine,6,dress,match,500,home,rain,match,
75,416,499,498,blank robinson,5,sugar ray,6,mrs.,4,swiss family,mrs.,0,smokey,swiss family,jackie,
75,417,500,499,aqua blank,5,velva,4,cade,3,lung,lung,100,lung,marine,velva,
75,418,501,500,murder blank,5,incorporated,1,she said,3,he said,incorporated,500,weapon,one,inc.,
75,419,502,501,triple blank,3,play,2,threat,5,decker,play,250,threat,play,decker,
75,420,503,501,blank sickness,5,sea,3,morning,2,air,morning,500,sleeping,sea,morning,
75,420,504,503,the blank book,5,good,3,number one selling,1,cook,good,500,cook,telephone,good,
75,421,505,504,cincinnati blank,5,kid,1,ohio,4,reds,kid,100,kid,ohio,reds,
75,422,506,504,blank lace,5,arsenic and old,4,old-fashioned,6,irish,chantilly,0,black,shoe,arsenic and old,
75,423,507,504,fay blank,5,wray,1,dunaway,6,emerson,dunaway,500,emerson,wray,dunaway,
75,424,508,504,blank chute,5,para,1,laundry,4,coal,para,500,coal,laundry,para,
75,425,509,504,blank twins,5,siamese,6,identical,3,bobbsey,siamese,500,bobbsey,identical,siamese,
75,426,510,504,blank fruit,5,juicy,6,grape,3,citrus,grape,500,fresh,juicy,grape,
75,427,511,504,low blank,5,down,6,bridge,2,life,down,0,brow,tide,blow,
75,428,512,504,blank duty,5,off,4,jury,6,do your,off,250,guard,off,heavy,
75,429,513,512,madame blank,6,butterfly,5,x,1,pompadour,x,100,x,butterfly,curie,
75,430,514,513,pick up blank,6,your feet,5,sticks,1,truck,truck,250,your clothes,truck,sticks,
75,431,515,514,summer blank,5,time,6,blonde,2,home,time,500,vacation,of '42,time,
75,432,516,514,two for the blank,5,money,3,show,1,seesaw,show,250,price of one,show,money,
75,433,517,514,public blank,5,library,6,enemy,4,approval,library,500,enemy,telephone,library,
75,433,518,517,blank tucker,5,forrest,1,little tommy,3,sophie,sophie,250,forrest,sophie,little tommy,
75,434,519,518,drunken blank,5,sailor,6,bum,1,sot,bum,500,sailor,driver,bum,
75,435,520,519,the yellow blank,5,brick road,6,rose of texas,2,submarine,submarine,500,rose of texas,brick road,submarine,
75,437,521,520,civil blank,5,war,4,rights,1,service,war,500,service,rights,war,
75,438,522,520,donkey blank,5,serenade,3,cart,4,ride,serenade,500,tail,cart,serenade,
75,439,523,520,blank judge,5,here come the,2,good,4,hanging,here come the,500,tell it to the,hanging,here come the,
75,439,524,520,l.s. blank,5,d.,3,m.f.t.,6,,d.,500,t.,m.f.t.,d.,
75,441,525,520,oscar blank,5,mayer,6,award,1,wilde,mayer,500,levant,madison,mayer,
75,442,526,525,blank wear,5,wash and,6,ready to,4,under,under,250,ready to,under,wash and,
75,443,527,526,blank george,5,gorgeous,3,lynda day,1,gladys,gorgeous,250,lynda day,gorgeous,by,
75,444,528,526,masters,5,and johnson,2,degree,6,tournament,degree,250,tournament,degree,and johnson,
75,445,529,528,blank cowboy,5,midnight,2,ride 'em,6,texas,midnight,500,lonesome,ride 'em,midnight,
75,446,530,529,duck blank,5,soup,3,feathers,2,l'orange,soup,500,call,tail,soup,
75,447,531,530,shot blank,2,gun,5,glass,3,put,gun,500,put,in the dark,gun,
75,448,532,530,rudolph blank,5,valentino,2,the red-nosed reindeer,4,nureyev,the red-nosed reindeer,500,bing,valentino,the red-nosed reindeer,
75,449,533,530,forty blank,4,carats,5,thieves,2,days and forty nights,carats,250,niners,carats,winks,
75,450,534,533,blank liberty,6,statue of,5,miss,3,give me,statue of,500,give me,cinderella,statue of,
75,451,535,534,blank money,5,mad,2,in the,6,funny,mad,250,for the love of,mad,easy,
75,452,536,535,blank air,1,fresh,5,hot,6,thin,hot,500,polluted,fresh,hot,
75,453,537,536,blank cassidy,5,hopalong,2,butch,3,david,butch,250,hopalong,butch,jack,
75,454,538,536,voice blank,4,over,5,of america,2,box,box,500,lessons,of america,box,
75,455,539,536,pinch blank,5,me,2,of salt,4,penny,of salt,500,me,hitter,of salt,
75,456,540,539,black and blank,5,white,3,blue,6,beautiful,white,500,tan,blue,white,
75,457,541,539,christopher blank,5,columbus,4,robin,2,lee,columbus,500,robin,george,columbus,
75,458,542,539,blank kit,5,first aid,3,eartha,6,mess,first aid,500,mess,eartha,first aid,
75,460,543,539,evening blank,5,gown,6,purse,3,performance,gown,500,star,in paris,gown,
75,461,544,539,blank shoot,5,turkey,3,laundry,6,mail,turkey,500,oh!,skeet,turkey,
75,461,545,544,blank ash,5,cigar,6,arthur,3,hot,cigar,500,pot,arthur,cigarette,
75,463,546,544,by the blank,4,sea,5,way,6,by,sea,250,light of the silvery moon,sea,way,
75,464,547,546,drip blank,5,dry,6,coffee,3,drop,dry,500,coffee,drop,dry,
75,465,548,547,blank society,5,high,6,human,2,secret,humane,250,the great,humane,high,
75,466,549,548,blank christie,5,julie,6,agatha,2,new,julie,500,get,agatha,julie,
75,466,550,549,simon blank,5,says,1,and garfunkel,3,legree,says,500,and garfunkel,legree,says,
75,468,551,550,cross your blank,5,heart,6,fingers,3,legs,heart,500,legs,fingers,heart,
75,468,552,551,broken blank,5,heart,3,glass,6,engagement,heart,500,leg,arrow,heart,
75,470,553,552,blank derby,6,kentucky,5,brown,2,soap box,kentucky,500,roller,brown,kentucky,
75,471,554,552,flea blank,2,market,5,collar,1,powder,market,500,collar,bite,market,
75,472,555,552,old man blank,2,river,1,time,3,of the sea,river,500,moses,and the sea,river,
75,473,556,555,blank plenty,2,horn of,5,good and,6,b.o.,good and,500,b.o.,horn of,good and,
75,474,557,555,blank duck,1,donald,3,cold,5,rubber,donald,500,rubber,cold,donald,
75,475,558,555,blank butter,5,churned,1,bread and,2,peanut,peanut,500,apple,bread and,peanut,
75,476,559,558,jose blank,1,feliciano,3,jimenez,5,ferrer,feliciano,500,greco,jimenez,feliciano,
75,477,560,559,sitting blank,5,bull,2,pretty,3,room,bull,500,duck,pretty,bull,
75,477,561,560,blank tricks,5,bag of,1,treat or,2,magic,magic,500,bag of,dirty,magic,
75,479,562,560,blank valentine,5,be my,2,funny,3,paul,be my,500,funny,karen,be my,
75,479,563,560,box blank,5,lunch,4,of tricks,2,springs,lunch,100,lunch,office,top,
75,480,564,560,fun blank,1,city,5,and games,2,house,house,100,house,city,and games,
75,481,565,564,look blank,5,out,3,away,6,magazine,out,500,magazine,alive,out,
75,482,566,565,blank dry,5,drip,2,bone,3,high and,drip,100,drip,high and,canada,
75,483,567,565,blank goat,5,nanny,6,billy,2,old,billy,500,old,nanny,billy,
75,483,568,567,blank ladder,5,step,2,hook and,1,jacob's,step,500,jacob's,hook and,step,
75,484,569,568,horn blank,5,blower,3,of plenty,1,blows at midnight,of plenty,250,toad,of plenty,blower,
75,485,570,569,blank chip,5,potato,3,poker,2,"goodbye, mr.",potato,250,chocolate,potato,blue,
75,486,571,569,charles blank,3,chaplin,2,nelson reilly,5,de gaulle,nelson reilly,500,atlas,bronson,nelson reilly,
75,487,572,569,hit the blank,5,road,4,bullseye,2,deck,road,250,sack,road,ball,
75,488,573,569,blank eight,6,dinner at,2,hard,5,pieces of,pieces of,100,pieces of,crazy,figure,
75,489,574,573,speed blank,2,racer,5,limit,4,way,limit,250,racer,limit,demon,
75,489,575,573,without a blank,2,song,4,doubt,5,prayer,song,250,cause,song,doubt,
75,490,576,573,trade blank,2,winds,3,ing post,5,union,mark,500,union,winds,mark,
75,491,577,573,german blank,2,leader,5,measles,1,shepherd,measles,100,measles,chocolate cake,shepherd,
75,492,578,577,blank dust,1,gold,2,star,5,bite the,star,500,en,gold,star,
75,493,579,577,blank bubbles,1,soap,3,i'm forever blowing,5,tiny,tiny,500,blowing,soap,tiny,
75,494,580,579,meat blank,3,ball,6,loaf,5,head,ball,500,market,head,ball,
75,495,581,579,bump blank,3,and grind,2,ity bump,4,heads,and grind,500,on a log,er car,n grind,
75,496,582,579,blank mills,6,juliet,2,steel,5,wilbur,wilbur,0,wind,hayley,general,
75,497,583,582,blank joe,5,g.i.,3,set 'em up,4,old black,g.i.,500,little,sloppy,g.i.,
75,498,584,583,passion blank,6,fruit,5,ate,3,play,fruit,500,play,flower,fruit,
75,499,585,583,twenty-one blank,6,years old,5,skidoo,2,gun salute,gun salute,500,club,years old,gun salute,
75,500,586,583,blank ration,6,gas,5,kennel,3,food,gas,500,kennel,k-,gas,
75,501,587,583,yes blank,6,sir,5,sir that's my baby,4,and no,sir,500,we have no bananas,and no,sir,
75,502,588,583,nancy blank,6,reagan,5,sinatra,4,hanks,sinatra,500,walker,drew,sinatra,
75,503,589,588,blank mark,5,birth,6,trade,4,black,birth,250,trade,birth,question,
75,504,590,589,blank box,6,mail,5,lunch,3,cardboard,pandora's,250,hat,pandora's,jack in the,
75,505,591,589,paint blank,5,brush,2,your wagon,6,thinner,brush,500,thinner,your wagon,brush,
75,505,592,591,sidney blank,5,poitier,6,australia,2,greenstreet,poitier,500,australia,greenstreet,poitier,
75,506,593,592,bert blank,5,convy,2,reynolds,1,parks,bacharach,0,parks,convy,reynolds,
75,507,594,593,blank monkey,1,brass,5,grease,6,swinging,grease,500,spider,brass,grease,
75,508,595,593,blank core,2,hard,3,apple,5,rotten to the,apple,500,rotten to the,hard,apple,
75,509,596,595,trench blank,1,mouth,3,coat,5,hand,coat,500,digger,mouth,coat,
75,510,597,596,blank order,2,out of,6,short,5,direct,out of,500,short,law and,out of,
75,511,598,597,blank pit,2,snake,5,cherry,6,barbecue,snake,500,barbecue,arm,snake,
75,512,599,598,wall blank,2,paper,5,street,6,nut,street,250,flower,street,paper,
75,513,600,599,small blank,5,world,3,wonder,6,talk,world,250,talk,world,fry,
75,514,601,600,blank trunk,2,vaudeville,5,elephant's,6,born in a,elephant's,500,car,tree,elephant,
75,515,602,601,peanut blank,2,butter,5,brittle,6,gallery,butter,500,gallery,brittle,butter,
75,516,603,601,blank dog,2,hot,4,super,5,mad,hot,500,mad,watch,hot,
75,517,604,603,stink blank,5,bomb,1,weed,3,a-poo,bomb,250,pot,bomb,bug,
75,518,605,603,going blank,5,going gone,1,my way,2,steady,steady,500,going gone,my way,steady,
75,519,606,603,white blank,5,christmas,1,sail,4,knight,christmas,500,tornado,elephant,christmas,
75,520,607,603,blank your hands,5,clap,1,kiss,6,wash,wash,500,raise,clap,wash,
75,521,608,607,pressed blank,5,duck,2,ham,1,flowers,flowers,0,for time,pants,duck,
75,522,609,607,master blank,5,bedroom,3,charge,2,plan,charge,100,charge,mind,of ceremonies,
75,523,610,607,blank palace,5,buckingham,2,caesars,3,hollywood,buckingham,100,buckingham,caesars,hollywood,
75,524,611,607,muscle blank,5,man,3,in,2,beach,beach,100,beach,bound,man,
75,525,612,607,wish blank,5,bone,3,you were here,6,upon a star,bone,500,you were here,upon a star,bone,
75,526,613,607,dog blank,5,house,3,leash,2,catcher,house,500,catcher,gone,house,
75,527,614,613,once blank,5,upon a time,1,over lightly,6,in a lifetime,upon a time,500,again,in awhile,upon a time,
75,527,615,613,tom blank,5,thumb,3,sawyer,1,tom,thumb,500,sawyer,jones,thumb,
75,528,616,615,blank violet,1,blue,5,shrinking,6,purple,african,100,african,shrinking,ultra,
75,529,617,616,out of blank,2,order,3,town,4,work,order,250,this world,order,sight,
75,530,618,617,sugar blank,6,daddy,2,and spice,3,cane,daddy,100,daddy,and spice,cane,
75,531,619,617,arthur blank,3,murray,2,godfrey,5,miller,godfrey,500,murray,treacher,godfrey,
75,532,620,619,capital blank,2,gains,3,punishment,5,letters,punishment,500,city,records,punishment,
75,533,621,619,clip blank,2,board,5,joint,3,clop,joint,250,clop,joint,board,
75,534,622,619,blank dew,2,mountain,6,morning,5,honey,honey,100,honey,morning,mountain,
75,535,623,619,blank father,2,god,5,step,6,our,god,500,our,grand,god,
75,536,624,623,eric blank,5,von stroheim,2,sevareid,3,the red,the red,500,clapton,sevareid,the red,
75,537,625,624,blank bomber,5,mad,2,brown,3,dive,dive,500,kansas city,mad,dive,
75,538,626,624,blank patrol,2,dawn,6,highway,4,night,highway,500,rat,shore,highway,
75,539,627,626,blank brain,5,scatter,3,bird,2,donovan's,bird,500,scatter,lame,bird,
75,540,628,627,bi blank,2,centennial,3,sexual,5,focals,sexual,250,lingual,sexual,centennial,
75,541,629,627,swan blank,5,lake,2,song,3,dive,dive,250,song,dive,lake,
75,541,630,627,blank not included,4,money,5,tax,2,license,tax,500,children,batteries,tax,
75,542,631,627,horace blank,5,greeley,2,mann,3,heidt,greeley,250,mann,greeley,heidt,
75,543,632,631,blank c,4,a b,5,hi,6,vitamin,hi,500,a b,vitamin,hi,
75,544,633,631,washington blank,2,d.c.,5,monument,4,s birthday,d.c.,500,monument,irving,d.c.,
75,545,634,633,omar blank,5,sharif,2,khayyam,3,the tent maker,sharif,500,the tent maker,bradley,sharif,
75,546,635,634,blank dive,5,nose,2,swan,3,high,nose,0,swan,skin,high,
75,547,636,634,mel blank,5,blanc,3,torme,2,brooks,brooks,500,blanc,torme,brooks,
75,548,637,636,killer blank,2,shark,3,diller,5,whale,whale,500,shark,diller,whale,
75,549,638,636,about blank,1,face,2,time,5,turn,face,500,town,time,face,
75,550,639,638,edgar blank,5,allan poe,2,bergen,3,buchanan,allan poe,500,winter,bergen,allan poe,
75,551,640,638,knuckle blank,5,ball,3,head,6,under,ball,0,down,head,sandwich,
75,552,641,640,twinkle blank,5,twinkle little star,6,toes,3,,twinkle little star,500,in her eyes,toes,twinkle little star,
75,553,642,641,david blank,5,cassidy,1,and goliath,2,janssen,and goliath,500,bowie,frost,and goliath,
75,554,643,642,blank ii,5,godfather,6,richard,2,act,godfather,250,henry,godfather,world war,
75,555,644,643,blank joint,6,clip,3,bone,5,knee,clip,250,knee,clip,beer,
75,556,645,643,blank marriage,5,love and,3,shotgun,2,broken,shotgun,0,open,happy,love and,
75,557,646,643,gin blank,5,and tonic,4,rummy,1,fizz,and tonic,250,fizz,and tonic,rummy,
75,558,647,643,blank hayes,5,helen,1,gabby,6,bill,helen,500,isaac,gabby,helen,
75,559,648,643,life of blank,5,riley,4,ease,2,the party,riley,500,leisure,the party,riley,
75,560,649,648,gene blank,5,rayburn,2,kelly,3,autry,rayburn,500,kelly,autry,rayburn,
75,561,650,648,pie blank,5,crust,6,in the sky,2,a la mode,crust,250,in the face,crust,a la mode,
75,562,651,648,blank shield,5,wind,6,blue,3,silver,wind,500,sword and,blue,wind,
75,563,652,648,the blank man,6,six million dollar,1,thin,5,invisible,six million dollar,500,invisible,thin,six million dollar,
75,564,653,648,heat blank,6,wave,2,rash,5,pad,wave,500,rash,lamp,wave,
75,565,654,648,blank market,2,super,5,farmer's,6,black,super,500,farmer's,stock,super,
75,566,655,654,blank shoe,1,horse,6,gum,5,snow,horse,500,soft,tennis,horse,
75,567,656,654,tongue blank,2,in cheek,3,sandwich,5,lashing,depressor,0,twister,tied,in cheek,
75,569,657,656,blank flakes,1,corn,5,snow,6,dandruff,corn,500,soap,snow,corn,
75,570,658,656,the spirit of blank,5,76,3,st. louis,6,christmas past,76,500,america,st. louis,76,
75,570,659,658,blank gown,6,wedding,5,night,2,alice blue,night,500,evening,wedding,night,
75,572,660,658,blank douglas,1,kirk,2,mike,3,mac,kirk,500,mcdonnell,mike,kirk,
75,573,661,660,blank parade,5,easter,3,hit,2,i love a,rose,250,hit,rose,easter,
75,574,662,661,jerry blank,1,lewis,2,ford,5,lee lewis,lewis,500,van dyke,vale,lewis,
75,575,663,661,the scarlet blank,5,pimpernel,3,letter,2,lady,lady,0,ribbon,pimpernel,letter,
75,576,664,663,trial blank,5,by jury,2,and error,3,and tribulation,and error,250,by jury,and error,of billy jack,
75,577,665,663,blank marine,3,united states,4,aqua,5,sub,united states,250,sub,u.s.,aqua,
75,578,666,663,point of blank,4,interest,2,view,5,no return,no return,500,view,interest,no return,
75,579,667,666,sign blank,4,here,5,post,3,on the dotted line,on the dotted line,0,post,off,language,
75,579,668,666,pound blank,5,cake,4,of flesh,3,note,cake,500,of flesh,of butter,cake,
75,580,669,666,the blank company,5,electric,4,phone,3,gas,electric,500,ace trucking,telephone,electric,
75,582,670,644,blank wire,5,barbed,3,live,2,telephone,live,100,live,high,barbed,
75,582,671,669,blank wood,5,holly,3,ply,2,balsa,holly,100,holly,natalie,fire,
75,583,672,670,call for blank,4,philip morris,5,help,3,reservations,philip morris,500,me,help,philip morris,
75,584,673,671,up a blank,4,creek,2,tree,5,lazy river,creek,250,lazy river,creek,tree,
75,584,674,671,rare blank,4,steak,5,breed,2,roast beef,meat,0,disease,earth,steak,
75,585,675,671,blank dogs,4,hot,2,going to the,5,cats and,hot,250,cats and,hot,mad,
75,586,676,674,blank and jane,5,tarzan,2,dick,1,,tarzan,500,steve,dick,tarzan,
75,587,677,675,blank buns,5,hot dog,1,hot cross,2,big,hot dog,100,hot dog,hamburger,hot cross,
75,588,678,675,call me blank,2,madam,5,irresponsible,6,up,up,0,sometime,irresponsible,madam,
75,589,679,677,jack of blank,5,all trades,2,hearts,4,spades,all trades,500,spades,hearts,all trades,
75,589,680,678,blank moose,5,bull,6,bullwinkle,3,chocolate,chocolate,100,chocolate,bullwinkle,bull,
75,591,681,678,blank toast,5,french,6,white,3,melba,french,500,melba,burnt,french,
75,592,682,680,rick blank,4,rack,5,shaw,6,nelson,nelson,500,shaw,rack,nelson,
75,593,683,680,blank nails,1,thumb,5,hard as,3,finger,finger,500,hard as,hammer and,finger,
75,594,684,682,blank on earth,5,peace,2,greatest show,6,what,peace,500,hell,greatest show,peace,
75,594,685,683,blank packer,5,green bay,6,meat,3,polly,green bay,500,meat,back,green bay,
75,595,686,684,banjo blank,6,player,5,on my knee,3,eyes,player,250,eyes,player,on my knee,
75,596,687,684,ball blank,5,game,6,bearing,3,point pen,game,500,and chain,point,game,
75,597,688,686,blank shoes,6,tennis,5,snow,4,suede,tennis,250,wooden,tennis,blue suede,
75,599,689,686,dag blank,1,wood,6,hammarskjold,5,mar,wood,500,nab it,hammarskjold,wood,
75,600,690,688,blank jim,2,jungle,5,diamond,6,big,diamond,250,big,diamond,jungle,
75,601,691,688,between the blank,1,lines,2,sheets,5,devil and the deep blue sea,lines,500,eyes,devil and the deep blue sea,lines,
75,602,692,690,clara blank,3,bow,5,net,2,belle,belle,250,barton,belle,bow,
75,603,693,691,blank fountain,5,soda,2,three coins in the,6,water,soda,100,soda,three coins in the,water,
75,604,694,691,blank indians,5,ten little,3,wooden,6,cleveland,cleveland,100,cleveland,cowboys and,ten little,
75,605,695,691,draw blank,5,bridge,1,poker,4,a line,poker,500,string,bridge,poker,
75,606,696,691,blank breath,3,bad,2,out of,5,don't hold your,bad,500,sweet,deep,bad,
75,607,697,691,better blank,3,late than never,6,luck next time,5,living through chemistry,business bureau,100,business bureau,half,late than never,
75,608,698,696,hook blank,5,line and sinker,6,or crook,3,and ladder,line and sinker,500,or crook,and ladder,line and sinker,
75,609,699,696,blank cast,5,plaster,4,out,2,broad,plaster,0,out,broad,all star,
75,610,700,698,dale blank,5,evans,2,robertson,3,carnegie,evans,500,carnegie,robertson,evans,
75,611,701,698,pack blank,5,rat,1,of cigarettes,2,of cards,rat,500,mule,of cigarettes,rat,
75,612,702,699,blank beater,2,egg,1,brow,5,wife,egg,500,rug,wife,egg,
75,613,703,699,mississippi blank,1,river,2,mud,5,gambler,river,500,queen,mud,river,
75,614,704,701,line blank,5,backer,6,man,2,drawings,backer,100,backer,drive,up,
75,615,705,701,g.i. blank,5,joe,2,series,1,,joe,500,blues,bill,joe,
75,617,706,703,below blank,3,zero,2,the belt,5,decks,zero,250,par,zero,sea level,
75,618,707,703,blank memory,3,thanks for the,2,pleasant,5,loss of,loss of,0,photographic,bad,thanks for the,
76,619,708,705,blank fellow,6,he's a jolly good,5,long,2,odd,odd,100,odd,jolly good,long,
76,620,709,706,blank of america,5,bank,6,boy scouts,2,united states,united states,500,voice,bank,united states,
76,621,710,707,blank spice,5,old,6,sugar and,3,all,old,100,old,all,sugar and,
76,622,711,708,blank port,5,air,6,car,3,west,air,500,sea,new,air,
76,622,712,708,blank wish,5,make a,1,death,6,i,make a,500,birthday,death,make a,
76,624,713,710,blank toes,4,twinkle,3,on your,5,stub your,twinkle,500,ten,tip,twinkle,
76,624,714,710,blank bend,4,knee,3,south,2,back,around the,500,west,knee,around the,
76,625,715,710,bee blank,4,hive,5,sting,6,swax,hive,500,line,sting,hive,
76,626,716,713,blank james,5,jesse,3,harry,1,susan,harry,250,king,harry,jesse,
76,627,717,713,blank killer,3,bug,5,weed,6,ant,weed,0,pain,man,lady,
76,628,718,713,barefoot blank,2,in the park,3,boy with cheek,1,lady,in the park,500,boy,contessa,in the park,
76,629,719,716,al blank,5,capone,2,pacino,1,jolson,capone,500,green,jolson,capone,
76,630,720,717,blank bam,5,bam,3,bim,2,slam,bam,500,bim,wham,bam,
76,631,721,718,blank fork,5,knife and,2,salad,3,pitch,pitch,500,salad,knife and,pitch,
76,632,722,719,blank fish,5,gold,6,tropical,4,cod,gold,250,tuna,gold,cat,
76,633,723,720,george blank,5,washington,4,burns,3,kennedy,burns,250,gobel,burns,washington,
76,634,724,720,blank gloves,5,kid,1,boxing,3,golden,boxing,500,rubber,kid,boxing,
76,635,725,722,rod blank,4,mckuen,5,steiger,2,serling,serling,500,steiger,and reel,serling,
76,636,726,723,the magnificent blank,5,seven,2,obsession,3,ambersons,seven,500,marble machine,obsession,seven,
76,637,727,723,fred blank,5,astaire,6,sanford,2,allen,sanford,0,macmurray,astaire,flintstone,
76,638,728,723,blank candy,5,cotton,1,chocolate,4,sugar,cotton,500,sugar,rock,cotton,
76,639,729,723,house of blank,5,flowers,3,suede,2,ill repute,ill repute,500,seven gables,horrors,ill repute,
76,640,730,723,blank story,5,fairy,1,bedtime,3,true,fairy,0,police,bedtime,love,
76,641,731,728,slide blank,2,rule,6,projector,5,trombone,rule,500,home,projector,rule,
76,642,732,728,paul blank,5,newman,2,revere,4,bunyan,newman,500,revere,bunyan,newman,
76,643,733,730,blank of night,6,the edge,2,dead,4,middle,the edge,500,dark,dead,the edge,
76,644,734,730,blank fox,5,desert,6,redd,1,br'er,redd,500,twentieth century,sly as a,redd,
76,646,736,730,hum blank,2,mingbird,5,drum,6,a tune,drum,500,bug,dinger,drum,
76,647,737,733,scarlet blank,5,o'hara,4,pimpernel,1,letter,o'hara,500,fever,letter,o'hara,
76,648,738,732,roller blank,5,skates,3,derby,1,coaster,derby,500,ball,skates,derby,
76,648,739,734,mark blank,5,spitz,4,twain,3,anthony,twain,250,iv,twain,spitz,
76,649,740,734,blank collector,1,tax,2,bill,6,garbage,tax,500,stamp,bill,tax,
76,650,741,736,the blank queen,5,african,1,rose,4,virgin,african,500,virgin,king and,african,
76,651,742,737,i'll never blank,5,tell,3,smile again,4,go,tell,100,tell,fall in love again,smile again,
76,652,743,738,the wild blank,3,west,6,goose,5,bunch,bunch,100,bunch,ones,wild west,
76,654,744,738,blank toon,5,car,6,pla,1,looney,car,500,looney,spit,car,
76,654,745,738,blank worry,5,why,6,don't,2,do,don't,500,what me,why,don't,
76,655,746,741,blank tag,5,dog,3,baggage,2,may,dog,500,may,price,dog,
76,656,747,742,needle blank,5,point,2,and thread,1,park,point,500,in a haystack,and thread,point,
76,657,748,742,eddie blank,4,cantor,5,fisher,2,albert,fisher,250,cantor,fisher,albert,
76,658,749,742,solid blank,4,state,2,gold cadillac,5,gold,gold,500,as a rock,state,gold,
76,659,750,742,blank wallace,2,george,5,mike,1,irving,george,500,irving,marcia,governor george,
76,660,751,746,wig blank,5,wam,3,maker,6,out,wam,500,let,wag,wam,
76,661,752,746,blank prayer,6,the lord's,5,a maiden's,2,silent,the lord's,500,wing and a,say a little,the lord's,
76,662,753,746,blank doo,6,zip-a-dee,5,voo,4,doo,voo,250,dippity,voo,scooby,
76,663,754,749,blank afternoon,5,it's a lazy,2,dog day,6,early,sunday,100,sunday,good,dog day,
76,664,755,749,blank wheels,2,wagon,6,car,5,hot,hot,250,cart,hot,wagon,
76,665,756,749,american blank,2,flag,4,legion,5,graffiti,flag,250,beauty,flag,graffiti,
76,666,757,749,blank gas,1,high test,5,out of,2,regular,out of,250,laughing,out of,natural,
76,667,758,753,fallen blank,5,angel,2,arches,6,woman,arches,500,tree,angel,arches,
76,668,759,753,blank handler,2,pan,1,man,6,animal,man,500,dog,pan,man,
76,669,760,753,blank shadow,1,dark,3,me and my,5,five o'clock,dark,500,eye,me and my,dark,
76,670,761,756,blank tip,3,hot,1,felt,5,big,q,0,felt,hot,finger,
76,671,762,757,rope blank,4,burn,5,a dope,3,trick,burn,250,a dope,burn,trick,
76,672,763,757,blank mayo,1,virginia,2,hold the,4,,virginia,500,hold the,cinco de,virginia,
76,672,764,757,chin blank,3,strap,2,chin,5,up,up,500,ny chin chin,strap,up,
76,673,765,760,tina blank,5,louise,1,sinatra,2,turner,turner,250,sinatra,turner,louise,
76,674,766,760,blow the blank,5,man down,4,works,1,whistle,whistle,100,whistle,man down,horn,
76,675,767,760,cream blank,3,of wheat,6,and sugar,5,cheese,cheese,250,and sugar,cheese,puff,
76,676,768,760,shirley blank,5,temple,4,knight,1,jones,temple,500,booth,jones,temple,
76,677,769,760,one for blank,2,the money,4,all,6,the road,the road,250,all,the road,the money,
76,678,770,760,grease blank,6,paint,5,gun,4,monkey,monkey,500,relief,paint,monkey,
76,678,771,766,blank hawk,5,sea,6,tommy,1,kitty,tommy,0,black,kitty,sky,
76,679,772,767,blank dodger,5,the artful,6,brooklyn,2,draft,draft,250,roger the,draft,los angeles,
76,680,773,768,blank your life,6,you bet,1,lose,5,your money or,you bet,250,run for,you bet,this is,
76,681,774,768,nick blank,2,the greek,3,adams,5,knack,name,100,name,adams,the greek,
76,682,775,770,chewing blank,5,gum,4,a cud,2,tobacco,gum,500,the cud,tobacco,gum,
76,683,776,770,f. blank,2,lee bailey,6,d.r.,5,troop,scott fitzgerald,250,lee bailey,scott fitzgerald,troop,
76,684,777,770,blank in motion,4,car,5,backfield,3,poetry,poetry,250,man,poetry,backfield,
76,685,778,770,blank seven,4,magnificent,5,lucky,6,come on,magnificent,250,seagrams,magnificent,lucky,
76,686,779,774,follow the blank,2,leader,5,yellow brick road,6,girls,leader,500,crowd,yellow brick road,leader,
76,687,780,775,chamber blank,5,maid,6,pot,1,music,maid,250,of horrors,maid,of commerce,
76,688,781,776,blank nest,5,bird's,1,love,2,robin's,bird's,500,crow's,love,bird,
76,689,782,777,blank yard,1,scotland,6,back,5,school,scotland,0,the longest,barn,back,
76,690,783,778,warren blank,2,beatty,4,oates,5,harding,beatty,500,burger,harding,beatty,
76,691,784,778,dumb blank,2,dora,5,o,1,bell,bunny,250,dora,bunny,bell,
76,692,785,778,blank shepherd,1,good,4,german,3,cybill,german,500,alan,good,german,
76,693,786,781,blank jacket,5,life,6,sport,3,yellow,sport,0,yellow,life,straight,
76,693,787,782,the happy blank,6,hooker,4,wanderer,3,days,hooker,500,days,hour,hooker,
76,694,788,783,blank and dale,2,smith,5,hill,1,,hill,100,hill,roy,chip,
76,695,789,784,zip blank,5,a dee doo dah,3,code,6,per,code,500,lock,a dee doo dah,code,
76,696,790,784,all blank,5,in the family,3,american,2,or nothing at all,in the family,500,together,or nothing,in the family,
76,698,791,786,sold blank,5,out,2,american,6,short,out,500,to the highest bidder,american,out,
76,699,792,786,blank in paris,5,evening,3,american,4,april,april,500,an american,evening,april,
76,699,793,788,shadow blank,5,boxing,3,of your smile,1,,boxing,500,of your smile,knows,box,
76,700,794,788,blank for president,1,ford,5,snoopy,3,pat paulsen,snoopy,500,pat paulsen,nixon,snoopy,
76,702,795,790,fountain blank,2,pen,6,avenue,5,of youth,of youth,500,bleu,pen,of youth,
76,703,796,790,blank fry,2,fish,4,small,5,french,small,250,fish,small,french,
76,704,797,792,blank butler,5,rhett,3,silent,2,english,rhett,250,jerry,rhett,silent,
76,705,798,792,latin blank,3,lover,5,quarter,2,class,lover,500,quarter,america,lover,
76,706,799,794,be my blank,5,love,3,valentine,6,guest,valentine,500,guest,love,valentine,
76,707,800,794,bing blank,3,crosby,5,o,4,bang,crosby,500,o,cherry,crosby,
76,707,801,794,run blank,3,for your life,6,for your money,5,way,for your life,500,joey run,away,for your life,
76,708,802,794,forever blank,3,amber,6,more,4,yours,more,0,and ever,yours,amber,
76,709,803,794,blank mcdonald,3,old,6,ronald,5,marie,old,250,jeanette,old,ronald,
76,710,804,794,james blank,3,dean,6,cagney,5,caan,dean,250,garner,dean,bond,
76,711,805,800,blank and johnson,5,masters,3,johnson,2,olsen,johnson,500,olsen,masters,johnson,
76,712,806,800,blank american,3,all,5,ugly,4,young,all,500,young,ugly,all,
76,713,807,802,wax blank,3,museum,5,paper,1,works,museum,500,beans,paper,museum,
76,714,808,803,china blank,5,town,2,seas,1,ware,town,250,cabinet,town,doll,
76,715,809,804,freddie blank,5,prinze,3,fender,2,the freeloader,prinze,500,the freeloader,fender,prinze,
76,716,810,804,daniel blank,5,boone,3,webster,2,and the lion,boone,500,in the lion's den,webster,boone,
76,717,811,804,hush blank,2,puppy,3,a-bye,4,my mouth,puppy,500,a-bye,hush sweet charlotte,puppies,
76,718,812,807,may blank,5,tag,6,day,3,i,day,500,west,flower,day,